Date;Sales;cost_of_sales;quantity_sold;year;month_number;month_name;year_month;day_of_month;day_of_week;day_name;day_type;price_per_unit;cost_per_unit;gross_profit;gross_profit_percent;gross_profit_per_unit;gross_profit_per_unit_percent;average_unit_sales_price;rolling_average_price
2013/12/30 02:00;223937.967869726530;230079.621012448040;6827;2013;12;Dec;2013/12/01;30;2;Mon;Weekday;32.80;33.70;-6141.65;-2.74;-0.90;-2.74;37.07;33.18
2013/12/31 02:00;300345.484563985660;306986.120484283190;9268;2013;12;Dec;2013/12/01;31;3;Tue;Weekday;32.41;33.12;-6640.64;-2.21;-0.72;-2.21;37.07;33.24
2014/01/01 02:00;86782.467727417796;87986.318214449886;2678;2014;1;Jan;2014/01/01;1;4;Wed;Weekday;32.41;32.86;-1203.85;-1.39;-0.45;-1.39;37.07;33.28
2014/01/02 02:00;200173.116752677160;202881.177706232610;6175;2014;1;Jan;2014/01/01;2;5;Thu;Weekday;32.42;32.86;-2708.06;-1.35;-0.44;-1.35;37.07;33.33
2014/01/03 02:00;326906.074176330640;333806.291873354810;10084;2014;1;Jan;2014/01/01;3;6;Fri;Weekday;32.42;33.10;-6900.22;-2.11;-0.68;-2.11;37.07;33.37
2014/01/04 02:00;307043.935422161890;313652.348272363540;9470;2014;1;Jan;2014/01/01;4;7;Sat;Weekday;32.42;33.12;-6608.41;-2.15;-0.70;-2.15;37.07;33.40
2014/01/05 02:00;179188.884487809730;183083.284984026980;5524;2014;1;Jan;2014/01/01;5;1;Sun;Weekday;32.44;33.14;-3894.40;-2.17;-0.70;-2.17;37.07;33.44
2014/01/06 02:00;306351.950858991880;313446.068148843010;9448;2014;1;Jan;2014/01/01;6;2;Mon;Weekday;32.43;33.18;-7094.12;-2.32;-0.75;-2.32;37.07;33.47
2014/01/07 02:00;224020.409968478340;229533.973728379670;6911;2014;1;Jan;2014/01/01;7;3;Tue;Weekday;32.42;33.21;-5513.56;-2.46;-0.80;-2.46;37.07;33.48
2014/01/08 02:00;101836.402236237100;99381.967517224926;2990;2014;1;Jan;2014/01/01;8;4;Wed;Weekday;34.06;33.24;2454.43;2.41;0.82;2.41;37.07;33.51
2014/01/09 02:00;107804.304947231720;104816.458512552640;3159;2014;1;Jan;2014/01/01;9;5;Thu;Weekday;34.13;33.18;2987.85;2.77;0.95;2.77;37.07;33.54
2014/01/10 02:00;144829.956723930170;141333.996283492540;4246;2014;1;Jan;2014/01/01;10;6;Fri;Weekday;34.11;33.29;3495.96;2.41;0.82;2.41;37.07;33.56
2014/01/11 02:00;146571.482353240160;143179.669988392850;4297;2014;1;Jan;2014/01/01;11;7;Sat;Weekday;34.11;33.32;3391.81;2.31;0.79;2.31;37.07;33.58
2014/01/12 02:00;95422.372978317100;93126.147238344056;2796;2014;1;Jan;2014/01/01;12;1;Sun;Weekday;34.13;33.31;2296.23;2.41;0.82;2.41;37.07;33.60
2014/01/13 02:00;114883.173791156240;112186.308663052730;3369;2014;1;Jan;2014/01/01;13;2;Mon;Weekday;34.10;33.30;2696.87;2.35;0.80;2.35;37.07;33.62
2014/01/14 02:00;80090.800079892710;78096.760182251150;2348;2014;1;Jan;2014/01/01;14;3;Tue;Weekday;34.11;33.26;1994.04;2.49;0.85;2.49;37.07;33.64
2014/01/15 02:00;98945.371159077826;97159.002586869974;2903;2014;1;Jan;2014/01/01;15;4;Wed;Weekday;34.08;33.47;1786.37;1.81;0.62;1.81;37.07;33.68
2014/01/16 02:00;84904.901714107822;83350.433158824555;2491;2014;1;Jan;2014/01/01;16;5;Thu;Weekday;34.08;33.46;1554.47;1.83;0.62;1.83;37.07;33.74
2014/01/17 02:00;135460.619703985170;132703.335419771670;3968;2014;1;Jan;2014/01/01;17;6;Fri;Weekday;34.14;33.44;2757.28;2.04;0.69;2.04;37.07;33.80
2014/01/18 02:00;149925.749685775140;146928.411780892350;4393;2014;1;Jan;2014/01/01;18;7;Sat;Weekday;34.13;33.45;2997.34;2.00;0.68;2.00;37.07;33.85
2014/01/19 02:00;74297.307184182937;72782.284321402927;2176;2014;1;Jan;2014/01/01;19;1;Sun;Weekday;34.14;33.45;1515.02;2.04;0.70;2.04;37.07;33.91
2014/01/20 02:00;83356.424561202701;81789.136122352749;2443;2014;1;Jan;2014/01/01;20;2;Mon;Weekday;34.12;33.48;1567.29;1.88;0.64;1.88;37.07;33.97
2014/01/21 02:00;89922.014286172576;88388.916069159721;2638;2014;1;Jan;2014/01/01;21;3;Tue;Weekday;34.09;33.51;1533.10;1.70;0.58;1.70;37.07;33.97
2014/01/22 02:00;57806.302780099039;57157.282544092297;1704;2014;1;Jan;2014/01/01;22;4;Wed;Weekday;33.92;33.54;649.02;1.12;0.38;1.12;37.07;34.01
2014/01/23 02:00;63977.750348923553;62863.987239062990;1872;2014;1;Jan;2014/01/01;23;5;Thu;Weekday;34.18;33.58;1113.76;1.74;0.59;1.74;37.07;34.01
2014/01/24 02:00;116958.799847951970;114823.795223812670;3423;2014;1;Jan;2014/01/01;24;6;Fri;Weekday;34.17;33.54;2135.00;1.83;0.62;1.83;37.07;33.96
2014/01/25 02:00;155272.824805480170;152636.276562365940;4544;2014;1;Jan;2014/01/01;25;7;Sat;Weekday;34.17;33.59;2636.55;1.70;0.58;1.70;37.07;33.91
2014/01/26 02:00;82885.215909762715;81583.166949853185;2426;2014;1;Jan;2014/01/01;26;1;Sun;Weekday;34.17;33.63;1302.05;1.57;0.54;1.57;37.07;33.85
2014/01/27 02:00;72353.425882453303;71377.156455436343;2117;2014;1;Jan;2014/01/01;27;2;Mon;Weekday;34.18;33.72;976.27;1.35;0.46;1.35;37.07;33.80
2014/01/28 02:00;50415.903762389156;49769.098243003224;1476;2014;1;Jan;2014/01/01;28;3;Tue;Weekday;34.16;33.72;646.81;1.28;0.44;1.28;37.07;33.75
2014/01/29 02:00;67458.301891273790;66529.441996531445;1974;2014;1;Jan;2014/01/01;29;4;Wed;Weekday;34.17;33.70;928.86;1.38;0.47;1.38;37.07;33.69
2014/01/30 02:00;64640.369313193798;63757.839868452080;1892;2014;1;Jan;2014/01/01;30;5;Thu;Weekday;34.17;33.70;882.53;1.37;0.47;1.37;37.07;33.64
2014/01/31 02:00;137693.873500331390;135609.507582049670;4030;2014;1;Jan;2014/01/01;31;6;Fri;Weekday;34.17;33.65;2084.37;1.51;0.52;1.51;37.07;33.59
2014/02/01 02:00;181209.128481212600;178435.715345795940;5304;2014;2;Feb;2014/02/01;1;7;Sat;Weekday;34.16;33.64;2773.41;1.53;0.52;1.53;37.07;33.54
2014/02/02 02:00;113433.581045456970;111466.516847537250;3320;2014;2;Feb;2014/02/01;2;1;Sun;Weekday;34.17;33.57;1967.06;1.73;0.59;1.73;37.07;33.48
2014/02/03 02:00;143192.533356176370;140505.634723003230;4191;2014;2;Feb;2014/02/01;3;2;Mon;Weekday;34.17;33.53;2686.90;1.88;0.64;1.88;37.07;33.48
2014/02/04 02:00;130126.649892881370;128496.287701172700;3809;2014;2;Feb;2014/02/01;4;3;Tue;Weekday;34.16;33.73;1630.36;1.25;0.43;1.25;37.07;33.43
2014/02/05 02:00;187155.868545739740;195078.603330942770;5764;2014;2;Feb;2014/02/01;5;4;Wed;Weekday;32.47;33.84;-7922.73;-4.23;-1.37;-4.23;37.07;33.43
2014/02/06 02:00;102314.709596504040;101977.989955288560;3028;2014;2;Feb;2014/02/01;6;5;Thu;Weekday;33.79;33.68;336.72;0.33;0.11;0.33;37.07;33.38
2014/02/07 02:00;301553.842555086890;313529.187748715690;9284;2014;2;Feb;2014/02/01;7;6;Fri;Weekday;32.48;33.77;-11975.35;-3.97;-1.29;-3.97;37.07;33.30
2014/02/08 02:00;316073.177549394310;329754.779463582210;9737;2014;2;Feb;2014/02/01;8;7;Sat;Weekday;32.46;33.87;-13681.60;-4.33;-1.41;-4.33;37.07;33.25
2014/02/09 02:00;135178.042554582290;141530.708683291280;4163;2014;2;Feb;2014/02/01;9;1;Sun;Weekday;32.47;34.00;-6352.67;-4.70;-1.53;-4.70;37.07;33.19
2014/02/10 02:00;147727.516186313500;154828.684575076650;4552;2014;2;Feb;2014/02/01;10;2;Mon;Weekday;32.45;34.01;-7101.17;-4.81;-1.56;-4.81;37.07;33.13
2014/02/11 02:00;135498.746444386080;139824.161641012700;4172;2014;2;Feb;2014/02/01;11;3;Tue;Weekday;32.48;33.51;-4325.42;-3.19;-1.04;-3.19;37.07;33.08
2014/02/12 02:00;163432.845205282300;166893.368919005090;5037;2014;2;Feb;2014/02/01;12;4;Wed;Weekday;32.45;33.13;-3460.52;-2.12;-0.69;-2.12;37.07;32.98
2014/02/13 02:00;138291.633321586060;141027.434455681270;4259;2014;2;Feb;2014/02/01;13;5;Thu;Weekday;32.47;33.11;-2735.80;-1.98;-0.64;-1.98;37.07;32.90
2014/02/14 02:00;336901.371700099440;343519.875546946660;10381;2014;2;Feb;2014/02/01;14;6;Fri;Weekday;32.45;33.09;-6618.50;-1.96;-0.64;-1.96;37.07;32.83
2014/02/15 02:00;367729.268214412030;373973.593334852190;11332;2014;2;Feb;2014/02/01;15;7;Sat;Weekday;32.45;33.00;-6244.33;-1.70;-0.55;-1.70;37.07;32.76
2014/02/16 02:00;133913.841387391090;136797.077370152750;4127;2014;2;Feb;2014/02/01;16;1;Sun;Weekday;32.45;33.15;-2883.24;-2.15;-0.70;-2.15;37.07;32.69
2014/02/17 02:00;150800.347016662300;152887.106399480400;4649;2014;2;Feb;2014/02/01;17;2;Mon;Weekday;32.44;32.89;-2086.76;-1.38;-0.45;-1.38;37.07;32.61
2014/02/18 02:00;55591.930335773912;53463.244211993297;1627;2014;2;Feb;2014/02/01;18;3;Tue;Weekday;34.17;32.86;2128.69;3.83;1.31;3.83;37.07;32.53
2014/02/19 02:00;106427.191838824000;107736.444075958590;3281;2014;2;Feb;2014/02/01;19;4;Wed;Weekday;32.44;32.84;-1309.25;-1.23;-0.40;-1.23;37.07;32.50
2014/02/20 02:00;78940.554424797941;75934.394822039583;2310;2014;2;Feb;2014/02/01;20;5;Thu;Weekday;34.17;32.87;3006.16;3.81;1.30;3.81;37.07;32.43
2014/02/21 02:00;317916.317858534280;322089.788955441850;9802;2014;2;Feb;2014/02/01;21;6;Fri;Weekday;32.43;32.86;-4173.47;-1.31;-0.43;-1.31;37.07;32.41
2014/02/22 02:00;309217.875562526230;320116.924323277960;9772;2014;2;Feb;2014/02/01;22;7;Sat;Weekday;31.64;32.76;-10899.05;-3.52;-1.12;-3.52;37.07;32.35
2014/02/23 02:00;138491.549950462300;140752.601591667160;4270;2014;2;Feb;2014/02/01;23;1;Sun;Weekday;32.43;32.96;-2261.05;-1.63;-0.53;-1.63;37.07;32.34
2014/02/24 02:00;133146.222205236060;134505.404223794760;4106;2014;2;Feb;2014/02/01;24;2;Mon;Weekday;32.43;32.76;-1359.18;-1.02;-0.33;-1.02;37.07;32.34
2014/02/25 02:00;224994.656182892150;227546.446559600650;6937;2014;2;Feb;2014/02/01;25;3;Tue;Weekday;32.43;32.80;-2551.79;-1.13;-0.37;-1.13;37.07;32.34
2014/02/26 02:00;225051.591468032160;228214.142119431400;6934;2014;2;Feb;2014/02/01;26;4;Wed;Weekday;32.46;32.91;-3162.55;-1.41;-0.46;-1.41;37.07;32.35
2014/02/27 02:00;344299.682441130050;365935.652955926200;11082;2014;2;Feb;2014/02/01;27;5;Thu;Weekday;31.07;33.02;-21635.97;-6.28;-1.95;-6.28;37.07;32.35
2014/02/28 02:00;661876.499999649470;686656.790992170810;20805;2014;2;Feb;2014/02/01;28;6;Fri;Weekday;31.81;33.00;-24780.29;-3.74;-1.19;-3.74;37.07;32.35
2014/03/01 02:00;846678.388160804050;872081.585003521060;26410;2014;3;Mar;2014/03/01;1;7;Sat;Weekday;32.06;33.02;-25403.20;-3.00;-0.96;-3.00;37.07;32.35
2014/03/02 02:00;478902.304871823230;495554.449923888490;15004;2014;3;Mar;2014/03/01;2;1;Sun;Weekday;31.92;33.03;-16652.15;-3.48;-1.11;-3.48;37.07;32.35
2014/03/03 02:00;538827.202132542620;557567.136984813380;16884;2014;3;Mar;2014/03/01;3;2;Mon;Weekday;31.91;33.02;-18739.93;-3.48;-1.11;-3.48;37.07;32.44
2014/03/04 02:00;310346.121287544720;323325.029927024620;9789;2014;3;Mar;2014/03/01;4;3;Tue;Weekday;31.70;33.03;-12978.91;-4.18;-1.33;-4.18;37.07;32.52
2014/03/05 02:00;256390.522210472320;267308.507082710450;8079;2014;3;Mar;2014/03/01;5;4;Wed;Weekday;31.74;33.09;-10917.98;-4.26;-1.35;-4.26;37.07;32.60
2014/03/06 02:00;167803.659776093820;168135.690006121910;5072;2014;3;Mar;2014/03/01;6;5;Thu;Weekday;33.08;33.15;-332.03;-0.20;-0.07;-0.20;37.07;32.63
2014/03/07 02:00;465318.021511566240;483774.596715292370;14551;2014;3;Mar;2014/03/01;7;6;Fri;Weekday;31.98;33.25;-18456.58;-3.97;-1.27;-3.97;37.07;32.72
2014/03/08 02:00;520146.749639590560;541498.958244596260;16262;2014;3;Mar;2014/03/01;8;7;Sat;Weekday;31.99;33.30;-21352.21;-4.11;-1.31;-4.11;37.07;32.74
2014/03/09 02:00;224699.252819412160;233589.982968319990;7014;2014;3;Mar;2014/03/01;9;1;Sun;Weekday;32.04;33.30;-8890.73;-3.96;-1.27;-3.96;37.07;32.83
2014/03/10 02:00;286230.678896338390;297642.891436459500;8932;2014;3;Mar;2014/03/01;10;2;Mon;Weekday;32.05;33.32;-11412.21;-3.99;-1.28;-3.99;37.07;32.91
2014/03/11 02:00;187143.018062583490;191499.042813207870;5737;2014;3;Mar;2014/03/01;11;3;Tue;Weekday;32.62;33.38;-4356.02;-2.33;-0.76;-2.33;37.07;32.96
2014/03/12 02:00;191700.389128234700;197153.424019060100;5903;2014;3;Mar;2014/03/01;12;4;Wed;Weekday;32.48;33.40;-5453.03;-2.84;-0.92;-2.84;37.07;33.01
2014/03/13 02:00;164663.967602802300;168975.174045440770;5056;2014;3;Mar;2014/03/01;13;5;Thu;Weekday;32.57;33.42;-4311.21;-2.62;-0.85;-2.62;37.07;33.05
2014/03/14 02:00;395941.345132162210;406765.913954023450;12167;2014;3;Mar;2014/03/01;14;6;Fri;Weekday;32.54;33.43;-10824.57;-2.73;-0.89;-2.73;37.07;33.10
2014/03/15 02:00;518183.210374914400;534383.143118608510;15971;2014;3;Mar;2014/03/01;15;7;Sat;Weekday;32.45;33.46;-16199.93;-3.13;-1.01;-3.13;37.07;33.20
2014/03/16 02:00;226617.954940270780;233191.104566222930;6968;2014;3;Mar;2014/03/01;16;1;Sun;Weekday;32.52;33.47;-6573.15;-2.90;-0.94;-2.90;37.07;33.28
2014/03/17 02:00;243707.871947376990;250794.221264094670;7494;2014;3;Mar;2014/03/01;17;2;Mon;Weekday;32.52;33.47;-7086.35;-2.91;-0.95;-2.91;37.07;33.35
2014/03/18 02:00;94849.743799770498;90571.588922976880;2707;2014;3;Mar;2014/03/01;18;3;Tue;Weekday;35.04;33.46;4278.15;4.51;1.58;4.51;37.07;33.42
2014/03/19 02:00;92386.783066575619;88255.840991793899;2637;2014;3;Mar;2014/03/01;19;4;Wed;Weekday;35.03;33.47;4130.94;4.47;1.57;4.47;37.07;33.49
2014/03/20 02:00;180394.827704440160;172344.304439480910;5149;2014;3;Mar;2014/03/01;20;5;Thu;Weekday;35.03;33.47;8050.52;4.46;1.56;4.46;37.07;33.57
2014/03/21 02:00;200939.692363943960;192019.144274927040;5735;2014;3;Mar;2014/03/01;21;6;Fri;Weekday;35.04;33.48;8920.55;4.44;1.56;4.44;37.07;33.65
2014/03/22 02:00;172953.924710440160;165201.305018509850;4936;2014;3;Mar;2014/03/01;22;7;Sat;Weekday;35.04;33.47;7752.62;4.48;1.57;4.48;37.07;33.70
2014/03/23 02:00;70194.799537861210;67061.622709446878;2003;2014;3;Mar;2014/03/01;23;1;Sun;Weekday;35.04;33.48;3133.18;4.46;1.56;4.46;37.07;33.77
2014/03/24 02:00;81378.214631670970;77703.646333683500;2323;2014;3;Mar;2014/03/01;24;2;Mon;Weekday;35.03;33.45;3674.57;4.52;1.58;4.52;37.07;33.87
2014/03/25 02:00;130227.014714578790;127394.289242136160;3822;2014;3;Mar;2014/03/01;25;3;Tue;Weekday;34.07;33.33;2832.73;2.18;0.74;2.18;37.07;33.97
2014/03/26 02:00;125310.036407853800;122275.102582177470;3666;2014;3;Mar;2014/03/01;26;4;Wed;Weekday;34.18;33.35;3034.93;2.42;0.83;2.42;37.07;34.01
2014/03/27 02:00;119452.339634549890;118186.575041227090;3543;2014;3;Mar;2014/03/01;27;5;Thu;Weekday;33.72;33.36;1265.76;1.06;0.36;1.06;37.07;34.03
2014/03/28 02:00;276174.769320283670;271550.895580822540;8130;2014;3;Mar;2014/03/01;28;6;Fri;Weekday;33.97;33.40;4623.87;1.67;0.57;1.67;37.07;34.06
2014/03/29 02:00;357369.266940651230;352250.830074617760;10518;2014;3;Mar;2014/03/01;29;7;Sat;Weekday;33.98;33.49;5118.44;1.43;0.49;1.43;37.07;34.09
2014/03/30 02:00;163865.490272703810;160525.426877713530;4791;2014;3;Mar;2014/03/01;30;1;Sun;Weekday;34.20;33.51;3340.06;2.04;0.70;2.04;37.07;34.11
2014/03/31 02:00;190719.614528600010;187072.595229938310;5583;2014;3;Mar;2014/03/01;31;2;Mon;Weekday;34.16;33.51;3647.02;1.91;0.65;1.91;37.07;34.14
2014/04/01 02:00;244535.205225463670;239700.684797598690;7155;2014;4;Apr;2014/04/01;1;3;Tue;Weekday;34.18;33.50;4834.52;1.98;0.68;1.98;37.07;34.17
2014/04/02 02:00;155620.503788827450;153366.018810552220;4575;2014;4;Apr;2014/04/01;2;4;Wed;Weekday;34.02;33.52;2254.48;1.45;0.49;1.45;37.07;34.19
2014/04/03 02:00;136001.978160077440;134523.068633720370;3997;2014;4;Apr;2014/04/01;3;5;Thu;Weekday;34.03;33.66;1478.91;1.09;0.37;1.09;37.07;34.14
2014/04/04 02:00;190559.887512767430;187742.300011752580;5558;2014;4;Apr;2014/04/01;4;6;Fri;Weekday;34.29;33.78;2817.59;1.48;0.51;1.48;37.07;34.08
2014/04/05 02:00;217110.502529121240;213540.734184193770;6320;2014;4;Apr;2014/04/01;5;7;Sat;Weekday;34.35;33.79;3569.77;1.64;0.56;1.64;37.07;34.03
2014/04/06 02:00;119190.099982556350;116856.314613416220;3447;2014;4;Apr;2014/04/01;6;1;Sun;Weekday;34.58;33.90;2333.79;1.96;0.68;1.96;37.07;33.97
2014/04/07 02:00;131910.197451532440;130784.444709065220;3854;2014;4;Apr;2014/04/01;7;2;Mon;Weekday;34.23;33.93;1125.75;0.85;0.29;0.85;37.07;33.92
2014/04/08 02:00;118921.307676258790;115305.805185445740;3394;2014;4;Apr;2014/04/01;8;3;Tue;Weekday;35.04;33.97;3615.50;3.04;1.07;3.04;37.07;33.92
2014/04/09 02:00;124828.282836808810;121264.703118162830;3563;2014;4;Apr;2014/04/01;9;4;Wed;Weekday;35.03;34.03;3563.58;2.85;1.00;2.85;37.07;33.92
2014/04/10 02:00;179326.490228096370;183278.502426986440;5380;2014;4;Apr;2014/04/01;10;5;Thu;Weekday;33.33;34.07;-3952.01;-2.20;-0.73;-2.20;37.07;33.94
2014/04/11 02:00;318949.817056160010;326322.526012260230;9573;2014;4;Apr;2014/04/01;11;6;Fri;Weekday;33.32;34.09;-7372.71;-2.31;-0.77;-2.31;37.07;33.95
2014/04/12 02:00;375031.109322689010;383727.194012924270;11250;2014;4;Apr;2014/04/01;12;7;Sat;Weekday;33.34;34.11;-8696.08;-2.32;-0.77;-2.32;37.07;33.99
2014/04/13 02:00;166393.540705272720;170061.864146522680;4990;2014;4;Apr;2014/04/01;13;1;Sun;Weekday;33.35;34.08;-3668.32;-2.20;-0.74;-2.20;37.07;34.01
2014/04/14 02:00;193652.327767828950;198212.068729968360;5810;2014;4;Apr;2014/04/01;14;2;Mon;Weekday;33.33;34.12;-4559.74;-2.35;-0.78;-2.35;37.07;34.03
2014/04/15 02:00;249805.517213491370;255956.654035288520;7497;2014;4;Apr;2014/04/01;15;3;Tue;Weekday;33.32;34.14;-6151.14;-2.46;-0.82;-2.46;37.07;34.07
2014/04/16 02:00;294023.410888050160;301522.352254371390;8821;2014;4;Apr;2014/04/01;16;4;Wed;Weekday;33.33;34.18;-7498.94;-2.55;-0.85;-2.55;37.07;34.10
2014/04/17 02:00;612236.005797237740;627927.758673389680;18366;2014;4;Apr;2014/04/01;17;5;Thu;Weekday;33.34;34.19;-15691.75;-2.56;-0.85;-2.56;37.07;34.15
2014/04/18 02:00;464815.517868546940;476692.543694408900;13940;2014;4;Apr;2014/04/01;18;6;Fri;Weekday;33.34;34.20;-11877.03;-2.56;-0.85;-2.56;37.07;34.20
2014/04/19 02:00;360480.940449537770;369765.612763224690;10814;2014;4;Apr;2014/04/01;19;7;Sat;Weekday;33.33;34.19;-9284.67;-2.58;-0.86;-2.58;37.07;34.24
2014/04/20 02:00;114279.577253769530;117190.826154166700;3429;2014;4;Apr;2014/04/01;20;1;Sun;Weekday;33.33;34.18;-2911.25;-2.55;-0.85;-2.55;37.07;34.27
2014/04/21 02:00;161170.820402730170;165415.083845503740;4834;2014;4;Apr;2014/04/01;21;2;Mon;Weekday;33.34;34.22;-4244.26;-2.63;-0.88;-2.63;37.07;34.32
2014/04/22 02:00;182483.146495305180;187344.737171658230;5475;2014;4;Apr;2014/04/01;22;3;Tue;Weekday;33.33;34.22;-4861.59;-2.66;-0.89;-2.66;37.07;34.31
2014/04/23 02:00;109358.412529019520;106849.898795565950;3121;2014;4;Apr;2014/04/01;23;4;Wed;Weekday;35.04;34.24;2508.51;2.29;0.80;2.29;37.07;34.36
2014/04/24 02:00;98430.114109290502;96197.482231430811;2809;2014;4;Apr;2014/04/01;24;5;Thu;Weekday;35.04;34.25;2232.63;2.27;0.79;2.27;37.07;34.28
2014/04/25 02:00;295741.346961882610;292327.028255683950;8537;2014;4;Apr;2014/04/01;25;6;Fri;Weekday;34.64;34.24;3414.32;1.15;0.40;1.15;37.07;34.20
2014/04/26 02:00;285053.979933127590;281159.581123412990;8209;2014;4;Apr;2014/04/01;26;7;Sat;Weekday;34.72;34.25;3894.40;1.37;0.47;1.37;37.07;34.17
2014/04/27 02:00;124964.796468058800;123042.158952897560;3592;2014;4;Apr;2014/04/01;27;1;Sun;Weekday;34.79;34.25;1922.64;1.54;0.54;1.54;37.07;34.14
2014/04/28 02:00;124175.808352158800;122516.065704202530;3576;2014;4;Apr;2014/04/01;28;2;Mon;Weekday;34.72;34.26;1659.74;1.34;0.46;1.34;37.07;34.11
2014/04/29 02:00;131842.571632243780;130405.263858171120;3807;2014;4;Apr;2014/04/01;29;3;Tue;Weekday;34.63;34.25;1437.31;1.09;0.38;1.09;37.07;34.07
2014/04/30 02:00;154850.057257681360;150644.348240667230;4398;2014;4;Apr;2014/04/01;30;4;Wed;Weekday;35.21;34.25;4205.71;2.72;0.96;2.72;37.07;34.03
2014/05/01 02:00;180294.268730027570;175656.650393213260;5124;2014;5;May;2014/05/01;1;5;Thu;Weekday;35.19;34.28;4637.62;2.57;0.91;2.57;37.07;33.99
2014/05/02 02:00;163849.035829681380;157300.625596072000;4581;2014;5;May;2014/05/01;2;6;Fri;Weekday;35.77;34.34;6548.41;4.00;1.43;4.00;37.07;33.96
2014/05/03 02:00;131436.792447441370;127601.944725939810;3697;2014;5;May;2014/05/01;3;7;Sat;Weekday;35.55;34.51;3834.85;2.92;1.04;2.92;37.07;33.92
2014/05/04 02:00;93082.043956892812;91601.506543395022;2642;2014;5;May;2014/05/01;4;1;Sun;Weekday;35.23;34.67;1480.54;1.59;0.56;1.59;37.07;33.90
2014/05/05 02:00;110887.013297212220;109460.153222670600;3154;2014;5;May;2014/05/01;5;2;Mon;Weekday;35.16;34.71;1426.86;1.29;0.45;1.29;37.07;33.86
2014/05/06 02:00;119385.575367956860;115693.106641847830;3324;2014;5;May;2014/05/01;6;3;Tue;Weekday;35.92;34.81;3692.47;3.09;1.11;3.09;37.07;33.82
2014/05/07 02:00;91719.589378837452;93157.170582525898;2677;2014;5;May;2014/05/01;7;4;Wed;Weekday;34.26;34.80;-1437.58;-1.57;-0.54;-1.57;37.07;33.83
2014/05/08 02:00;96335.448951387458;93696.216137213793;2683;2014;5;May;2014/05/01;8;5;Thu;Weekday;35.91;34.92;2639.23;2.74;0.98;2.74;37.07;33.79
2014/05/09 02:00;303226.298354254450;325836.940113892370;9328;2014;5;May;2014/05/01;9;6;Fri;Weekday;32.51;34.93;-22610.64;-7.46;-2.42;-7.46;37.07;33.70
2014/05/10 02:00;431695.709167380060;465253.815715587990;13306;2014;5;May;2014/05/01;10;7;Sat;Weekday;32.44;34.97;-33558.11;-7.77;-2.52;-7.77;37.07;33.62
2014/05/11 02:00;200407.277067542160;215907.824912829090;6173;2014;5;May;2014/05/01;11;1;Sun;Weekday;32.47;34.98;-15500.55;-7.73;-2.51;-7.73;37.07;33.54
2014/05/12 02:00;183413.708347735960;197835.495083797810;5653;2014;5;May;2014/05/01;12;2;Mon;Weekday;32.45;35.00;-14421.79;-7.86;-2.55;-7.86;37.07;33.46
2014/05/13 02:00;146166.601124782290;157693.189300526980;4503;2014;5;May;2014/05/01;13;3;Tue;Weekday;32.46;35.02;-11526.59;-7.89;-2.56;-7.89;37.07;33.37
2014/05/14 02:00;201120.727640814730;218098.761888011070;6253;2014;5;May;2014/05/01;14;4;Wed;Weekday;32.16;34.88;-16978.03;-8.44;-2.72;-8.44;37.07;33.29
2014/05/15 02:00;270123.550823328380;289864.798474272250;8408;2014;5;May;2014/05/01;15;5;Thu;Weekday;32.13;34.47;-19741.25;-7.31;-2.35;-7.31;37.07;33.21
2014/05/16 02:00;415315.383948247360;441790.767227227330;12949;2014;5;May;2014/05/01;16;6;Fri;Weekday;32.07;34.12;-26475.38;-6.37;-2.04;-6.37;37.07;33.12
2014/05/17 02:00;498716.997555014100;526707.376961645200;15508;2014;5;May;2014/05/01;17;7;Sat;Weekday;32.16;33.96;-27990.38;-5.61;-1.80;-5.61;37.07;33.02
2014/05/18 02:00;166433.172129259740;174376.632474618440;5141;2014;5;May;2014/05/01;18;1;Sun;Weekday;32.37;33.92;-7943.46;-4.77;-1.55;-4.77;37.07;32.90
2014/05/19 02:00;168520.629367428510;175540.115518245230;5194;2014;5;May;2014/05/01;19;2;Mon;Weekday;32.45;33.80;-7019.49;-4.17;-1.35;-4.17;37.07;32.79
2014/05/20 02:00;178123.532109534720;187748.172202197400;5550;2014;5;May;2014/05/01;20;3;Tue;Weekday;32.09;33.83;-9624.64;-5.40;-1.73;-5.40;37.07;32.69
2014/05/21 02:00;194878.802634630930;204460.665377442810;6070;2014;5;May;2014/05/01;21;4;Wed;Weekday;32.11;33.68;-9581.86;-4.92;-1.58;-4.92;37.07;32.59
2014/05/22 02:00;115475.096896259750;115011.322608831690;3421;2014;5;May;2014/05/01;22;5;Thu;Weekday;33.75;33.62;463.77;0.40;0.14;0.40;37.07;32.46
2014/05/23 02:00;430521.024538655070;449274.186258365520;13384;2014;5;May;2014/05/01;23;6;Fri;Weekday;32.17;33.57;-18753.16;-4.36;-1.40;-4.36;37.07;32.39
2014/05/24 02:00;590642.825660643750;614245.794149527440;18356;2014;5;May;2014/05/01;24;7;Sat;Weekday;32.18;33.46;-23602.97;-4.00;-1.29;-4.00;37.07;32.27
2014/05/25 02:00;210764.717952290930;217364.463011392160;6500;2014;5;May;2014/05/01;25;1;Sun;Weekday;32.43;33.44;-6599.75;-3.13;-1.02;-3.13;37.07;32.26
2014/05/26 02:00;218189.348521447160;225607.595185272100;6752;2014;5;May;2014/05/01;26;2;Mon;Weekday;32.31;33.41;-7418.25;-3.40;-1.10;-3.40;37.07;32.26
2014/05/27 02:00;226132.463929362160;234496.512831656440;7023;2014;5;May;2014/05/01;27;3;Tue;Weekday;32.20;33.39;-8364.05;-3.70;-1.19;-3.70;37.07;32.24
2014/05/28 02:00;243720.868045067150;252929.294692381020;7579;2014;5;May;2014/05/01;28;4;Wed;Weekday;32.16;33.37;-9208.43;-3.78;-1.21;-3.78;37.07;32.23
2014/05/29 02:00;207429.429048135930;215118.846495117240;6448;2014;5;May;2014/05/01;29;5;Thu;Weekday;32.17;33.36;-7689.42;-3.71;-1.19;-3.71;37.07;32.22
2014/05/30 02:00;503149.431345347780;521651.086125572970;15637;2014;5;May;2014/05/01;30;6;Fri;Weekday;32.18;33.36;-18501.65;-3.68;-1.18;-3.68;37.07;32.22
2014/05/31 02:00;603748.789526076290;626259.386848816070;18775;2014;5;May;2014/05/01;31;7;Sat;Weekday;32.16;33.36;-22510.60;-3.73;-1.20;-3.73;37.07;32.22
2014/06/01 02:00;456017.463092676420;473223.980731576620;14188;2014;6;Jun;2014/06/01;1;1;Sun;Weekday;32.14;33.35;-17206.52;-3.77;-1.21;-3.77;37.07;32.22
2014/06/02 02:00;425845.196044721120;442155.991161187240;13256;2014;6;Jun;2014/06/01;2;2;Mon;Weekday;32.12;33.36;-16310.80;-3.83;-1.23;-3.83;37.07;32.22
2014/06/03 02:00;328217.769952646980;340913.591725202980;10223;2014;6;Jun;2014/06/01;3;3;Tue;Weekday;32.11;33.35;-12695.82;-3.87;-1.24;-3.87;37.07;32.21
2014/06/04 02:00;286405.998802503220;296902.672530802260;8904;2014;6;Jun;2014/06/01;4;4;Wed;Weekday;32.17;33.34;-10496.67;-3.66;-1.18;-3.67;37.07;32.18
2014/06/05 02:00;184989.888666875920;192824.890128464030;5783;2014;6;Jun;2014/06/01;5;5;Thu;Weekday;31.99;33.34;-7835.00;-4.24;-1.35;-4.24;37.07;32.22
2014/06/06 02:00;288118.304447455620;300213.559406661780;9005;2014;6;Jun;2014/06/01;6;6;Fri;Weekday;32.00;33.34;-12095.25;-4.20;-1.34;-4.20;37.07;32.25
2014/06/07 02:00;391930.878009660930;407438.919600540890;12222;2014;6;Jun;2014/06/01;7;7;Sat;Weekday;32.07;33.34;-15508.04;-3.96;-1.27;-3.96;37.07;32.24
2014/06/08 02:00;193772.581108797140;201254.712511546330;6037;2014;6;Jun;2014/06/01;8;1;Sun;Weekday;32.10;33.34;-7482.13;-3.86;-1.24;-3.86;37.07;32.29
2014/06/09 02:00;214177.983442618370;220255.219178828410;6607;2014;6;Jun;2014/06/01;9;2;Mon;Weekday;32.42;33.34;-6077.24;-2.84;-0.92;-2.84;37.07;32.38
2014/06/10 02:00;188334.521170679740;195254.781003701850;5857;2014;6;Jun;2014/06/01;10;3;Tue;Weekday;32.16;33.34;-6920.26;-3.67;-1.18;-3.67;37.07;32.46
2014/06/11 02:00;174324.994815459740;180978.601038229390;5429;2014;6;Jun;2014/06/01;11;4;Wed;Weekday;32.11;33.34;-6653.61;-3.82;-1.23;-3.82;37.07;32.55
2014/06/12 02:00;200271.564316259730;207757.702973215780;6232;2014;6;Jun;2014/06/01;12;5;Thu;Weekday;32.14;33.34;-7486.14;-3.74;-1.20;-3.74;37.07;32.64
2014/06/13 02:00;468701.630173913670;486180.544361879870;14585;2014;6;Jun;2014/06/01;13;6;Fri;Weekday;32.14;33.33;-17478.91;-3.73;-1.20;-3.73;37.07;32.74
2014/06/14 02:00;473425.754156948820;492135.292294434800;14745;2014;6;Jun;2014/06/01;14;7;Sat;Weekday;32.11;33.38;-18709.54;-3.95;-1.27;-3.95;37.07;32.83
2014/06/15 02:00;224232.121375094600;233554.032246433810;6991;2014;6;Jun;2014/06/01;15;1;Sun;Weekday;32.07;33.41;-9321.91;-4.16;-1.33;-4.16;37.07;32.92
2014/06/16 02:00;185606.275014694720;193340.315365212450;5788;2014;6;Jun;2014/06/01;16;2;Mon;Weekday;32.07;33.40;-7734.04;-4.17;-1.34;-4.17;37.07;33.01
2014/06/17 02:00;212687.509414812170;221403.645017239990;6632;2014;6;Jun;2014/06/01;17;3;Tue;Weekday;32.07;33.38;-8716.14;-4.10;-1.31;-4.10;37.07;33.11
2014/06/18 02:00;184259.692421499730;192057.510847077790;5752;2014;6;Jun;2014/06/01;18;4;Wed;Weekday;32.03;33.39;-7797.82;-4.23;-1.36;-4.23;37.07;33.20
2014/06/19 02:00;113735.816157779500;119544.019764080400;3578;2014;6;Jun;2014/06/01;19;5;Thu;Weekday;31.79;33.41;-5808.20;-5.11;-1.62;-5.11;37.07;33.29
2014/06/20 02:00;203165.082975139840;205350.643078722410;6119;2014;6;Jun;2014/06/01;20;6;Fri;Weekday;33.20;33.56;-2185.56;-1.08;-0.36;-1.08;37.07;33.39
2014/06/21 02:00;203345.244564754860;206918.912593865800;6161;2014;6;Jun;2014/06/01;21;7;Sat;Weekday;33.01;33.59;-3573.67;-1.76;-0.58;-1.76;37.07;33.49
2014/06/22 02:00;134944.488966956390;135372.527025031280;4015;2014;6;Jun;2014/06/01;22;1;Sun;Weekday;33.61;33.72;-428.04;-0.32;-0.11;-0.32;37.07;33.58
2014/06/23 02:00;138298.210244966380;139206.026890080650;4133;2014;6;Jun;2014/06/01;23;2;Mon;Weekday;33.46;33.68;-907.82;-0.66;-0.22;-0.66;37.07;33.68
2014/06/24 02:00;36692.679861900491;35299.064235203216;1047;2014;6;Jun;2014/06/01;24;3;Tue;Weekday;35.05;33.71;1393.62;3.80;1.33;3.80;37.07;33.77
2014/06/25 02:00;56077.542692130737;53925.257631037668;1601;2014;6;Jun;2014/06/01;25;4;Wed;Weekday;35.03;33.68;2152.29;3.84;1.34;3.84;37.07;33.86
2014/06/26 02:00;55780.707452340735;53688.241195050650;1592;2014;6;Jun;2014/06/01;26;5;Thu;Weekday;35.04;33.72;2092.47;3.75;1.31;3.75;37.07;33.95
2014/06/27 02:00;131721.238316788800;127302.427134721380;3759;2014;6;Jun;2014/06/01;27;6;Fri;Weekday;35.04;33.87;4418.81;3.35;1.18;3.35;37.07;34.05
2014/06/28 02:00;146169.076571952580;141012.329411849820;4172;2014;6;Jun;2014/06/01;28;7;Sat;Weekday;35.04;33.80;5156.75;3.53;1.24;3.53;37.07;34.14
2014/06/29 02:00;62073.585412980981;60083.869836867430;1772;2014;6;Jun;2014/06/01;29;1;Sun;Weekday;35.03;33.91;1989.72;3.21;1.12;3.21;37.07;34.23
2014/06/30 02:00;93619.846991295737;90294.376087688332;2672;2014;6;Jun;2014/06/01;30;2;Mon;Weekday;35.04;33.79;3325.47;3.55;1.24;3.55;37.07;34.33
2014/07/01 02:00;180183.031356011370;173842.920925905870;5143;2014;7;Jul;2014/07/01;1;3;Tue;Weekday;35.03;33.80;6340.11;3.52;1.23;3.52;37.07;34.34
2014/07/02 02:00;104760.706235790000;101615.732015736360;2990;2014;7;Jul;2014/07/01;2;4;Wed;Weekday;35.04;33.99;3144.97;3.00;1.05;3.00;37.07;34.43
2014/07/03 02:00;93450.533684910493;90927.089657647652;2667;2014;7;Jul;2014/07/01;3;5;Thu;Weekday;35.04;34.09;2523.44;2.70;0.95;2.70;37.07;34.53
2014/07/04 02:00;98087.555903940738;95423.273987227221;2799;2014;7;Jul;2014/07/01;4;6;Fri;Weekday;35.04;34.09;2664.28;2.72;0.95;2.72;37.07;34.54
2014/07/05 02:00;117562.262905349170;114395.627627446260;3355;2014;7;Jul;2014/07/01;5;7;Sat;Weekday;35.04;34.10;3166.64;2.69;0.94;2.69;37.07;34.65
2014/07/06 02:00;70153.080972151351;68252.242209488730;2002;2014;7;Jul;2014/07/01;6;1;Sun;Weekday;35.04;34.09;1900.84;2.71;0.95;2.71;37.07;34.71
2014/07/07 02:00;68918.415287491109;66990.881352152050;1967;2014;7;Jul;2014/07/01;7;2;Mon;Weekday;35.04;34.06;1927.53;2.80;0.98;2.80;37.07;34.77
2014/07/08 02:00;108417.402833359640;105373.300033370980;3094;2014;7;Jul;2014/07/01;8;3;Tue;Weekday;35.04;34.06;3044.10;2.81;0.98;2.81;37.07;34.74
2014/07/09 02:00;81802.608208501100;79496.494243965513;2335;2014;7;Jul;2014/07/01;9;4;Wed;Weekday;35.03;34.05;2306.11;2.82;0.99;2.82;37.07;34.79
2014/07/10 02:00;103998.559733430490;101270.971050945980;2968;2014;7;Jul;2014/07/01;10;5;Thu;Weekday;35.04;34.12;2727.59;2.62;0.92;2.62;37.07;34.70
2014/07/11 02:00;134018.089263477570;130633.262714548270;3825;2014;7;Jul;2014/07/01;11;6;Fri;Weekday;35.04;34.15;3384.83;2.53;0.88;2.53;37.07;34.62
2014/07/12 02:00;99277.299503010508;96688.497813017515;2833;2014;7;Jul;2014/07/01;12;7;Sat;Weekday;35.04;34.13;2588.80;2.61;0.91;2.61;37.07;34.54
2014/07/13 02:00;49705.231999920732;48370.308994006264;1419;2014;7;Jul;2014/07/01;13;1;Sun;Weekday;35.03;34.09;1334.92;2.69;0.94;2.69;37.07;34.45
2014/07/14 02:00;75384.574550731340;73393.446593668908;2151;2014;7;Jul;2014/07/01;14;2;Mon;Weekday;35.05;34.12;1991.13;2.64;0.93;2.64;37.07;34.37
2014/07/15 02:00;110288.234174190610;107437.380951612790;3148;2014;7;Jul;2014/07/01;15;3;Tue;Weekday;35.03;34.13;2850.85;2.58;0.91;2.58;37.07;34.28
2014/07/16 02:00;156536.686205421080;164641.353987485230;4825;2014;7;Jul;2014/07/01;16;4;Wed;Weekday;32.44;34.12;-8104.67;-5.18;-1.68;-5.18;37.07;34.20
2014/07/17 02:00;80823.059197921219;78844.860500337440;2307;2014;7;Jul;2014/07/01;17;5;Thu;Weekday;35.03;34.18;1978.20;2.45;0.86;2.45;37.07;34.12
2014/07/18 02:00;124615.685608408810;121612.178924555960;3557;2014;7;Jul;2014/07/01;18;6;Fri;Weekday;35.03;34.19;3003.51;2.41;0.84;2.41;37.07;34.03
2014/07/19 02:00;242758.950528375800;255779.854460493250;7485;2014;7;Jul;2014/07/01;19;7;Sat;Weekday;32.43;34.17;-13020.90;-5.36;-1.74;-5.36;37.07;33.95
2014/07/20 02:00;85078.243689436087;83020.514125462476;2428;2014;7;Jul;2014/07/01;20;1;Sun;Weekday;35.04;34.19;2057.73;2.42;0.85;2.42;37.07;33.86
2014/07/21 02:00;86738.067427260859;84643.271827215489;2475;2014;7;Jul;2014/07/01;21;2;Mon;Weekday;35.05;34.20;2094.80;2.42;0.85;2.42;37.07;33.78
2014/07/22 02:00;56673.615811620853;55278.707829230581;1618;2014;7;Jul;2014/07/01;22;3;Tue;Weekday;35.03;34.16;1394.91;2.46;0.86;2.46;37.07;33.78
2014/07/23 02:00;165742.170464233520;173725.357520623020;5106;2014;7;Jul;2014/07/01;23;4;Wed;Weekday;32.46;34.02;-7983.19;-4.82;-1.56;-4.82;37.07;33.78
2014/07/24 02:00;95618.248803710856;92416.903838237486;2729;2014;7;Jul;2014/07/01;24;5;Thu;Weekday;35.04;33.86;3201.34;3.35;1.17;3.35;37.07;33.70
2014/07/25 02:00;515698.795766175200;538260.271803906770;15897;2014;7;Jul;2014/07/01;25;6;Fri;Weekday;32.44;33.86;-22561.48;-4.37;-1.42;-4.37;37.07;33.61
2014/07/26 02:00;562590.366547840650;586670.514084788040;17343;2014;7;Jul;2014/07/01;26;7;Sat;Weekday;32.44;33.83;-24080.15;-4.28;-1.39;-4.28;37.07;33.53
2014/07/27 02:00;266305.925889973240;277238.010361479830;8207;2014;7;Jul;2014/07/01;27;1;Sun;Weekday;32.45;33.78;-10932.08;-4.11;-1.33;-4.11;37.07;33.45
2014/07/28 02:00;292634.745692819420;304508.379030807990;9018;2014;7;Jul;2014/07/01;28;2;Mon;Weekday;32.45;33.77;-11873.63;-4.06;-1.32;-4.06;37.07;33.36
2014/07/29 02:00;212360.993077952150;221017.073099766830;6548;2014;7;Jul;2014/07/01;29;3;Tue;Weekday;32.43;33.75;-8656.08;-4.08;-1.32;-4.08;37.07;33.28
2014/07/30 02:00;198019.332091535940;205903.824945207740;6102;2014;7;Jul;2014/07/01;30;4;Wed;Weekday;32.45;33.74;-7884.49;-3.98;-1.29;-3.98;37.07;33.20
2014/07/31 02:00;295508.327294265790;307222.395421687510;9108;2014;7;Jul;2014/07/01;31;5;Thu;Weekday;32.44;33.73;-11714.07;-3.96;-1.29;-3.96;37.07;33.11
2014/08/01 02:00;611894.673180949640;636341.315926196170;18867;2014;8;Aug;2014/08/01;1;6;Fri;Weekday;32.43;33.73;-24446.64;-4.00;-1.30;-4.00;37.07;33.11
2014/08/02 02:00;628685.218828356010;653779.963453244070;19384;2014;8;Aug;2014/08/01;2;7;Sat;Weekday;32.43;33.73;-25094.74;-3.99;-1.29;-3.99;37.07;33.03
2014/08/03 02:00;307272.683729956860;319500.009457128060;9473;2014;8;Aug;2014/08/01;3;1;Sun;Weekday;32.44;33.73;-12227.33;-3.98;-1.29;-3.98;37.07;32.95
2014/08/04 02:00;362106.532635940820;376645.750934485810;11170;2014;8;Aug;2014/08/01;4;2;Mon;Weekday;32.42;33.72;-14539.22;-4.02;-1.30;-4.02;37.07;32.95
2014/08/05 02:00;262349.590972715760;272809.290443809880;8091;2014;8;Aug;2014/08/01;5;3;Tue;Weekday;32.42;33.72;-10459.70;-3.99;-1.29;-3.99;37.07;32.89
2014/08/06 02:00;80697.903500791217;77649.636533253579;2303;2014;8;Aug;2014/08/01;6;4;Wed;Weekday;35.04;33.72;3048.27;3.78;1.32;3.78;37.07;32.84
2014/08/07 02:00;103272.622713350370;99367.233222687966;2947;2014;8;Aug;2014/08/01;7;5;Thu;Weekday;35.04;33.72;3905.39;3.78;1.33;3.78;37.07;32.78
2014/08/08 02:00;439421.422067073810;456509.621850220250;13542;2014;8;Aug;2014/08/01;8;6;Fri;Weekday;32.45;33.71;-17088.20;-3.89;-1.26;-3.89;37.07;32.81
2014/08/09 02:00;408616.350631913520;424340.949382785070;12588;2014;8;Aug;2014/08/01;9;7;Sat;Weekday;32.46;33.71;-15724.60;-3.85;-1.25;-3.85;37.07;32.76
2014/08/10 02:00;195866.773019443380;203331.434784756480;6032;2014;8;Aug;2014/08/01;10;1;Sun;Weekday;32.47;33.71;-7464.66;-3.81;-1.24;-3.81;37.07;32.78
2014/08/11 02:00;232347.353169289590;241134.527794406400;7158;2014;8;Aug;2014/08/01;11;2;Mon;Weekday;32.46;33.69;-8787.17;-3.78;-1.23;-3.78;37.07;32.77
2014/08/12 02:00;190325.181143384720;197438.111638514940;5863;2014;8;Aug;2014/08/01;12;3;Tue;Weekday;32.46;33.68;-7112.93;-3.74;-1.21;-3.74;37.07;32.71
2014/08/13 02:00;197698.118550840940;205114.128948227270;6092;2014;8;Aug;2014/08/01;13;4;Wed;Weekday;32.45;33.67;-7416.01;-3.75;-1.22;-3.75;37.07;32.66
2014/08/14 02:00;177908.835604848510;184687.529140367060;5485;2014;8;Aug;2014/08/01;14;5;Thu;Weekday;32.44;33.67;-6778.69;-3.81;-1.24;-3.81;37.07;32.60
2014/08/15 02:00;473321.882451753710;491559.422963044140;14587;2014;8;Aug;2014/08/01;15;6;Fri;Weekday;32.45;33.70;-18237.54;-3.85;-1.25;-3.85;37.07;32.55
2014/08/16 02:00;541600.892159530780;562953.370773653730;16686;2014;8;Aug;2014/08/01;16;7;Sat;Weekday;32.46;33.74;-21352.48;-3.94;-1.28;-3.94;37.07;32.49
2014/08/17 02:00;239513.979042657010;249203.120768224760;7380;2014;8;Aug;2014/08/01;17;1;Sun;Weekday;32.45;33.77;-9689.14;-4.05;-1.31;-4.05;37.07;32.44
2014/08/18 02:00;255224.222552353230;265532.546204822200;7864;2014;8;Aug;2014/08/01;18;2;Mon;Weekday;32.45;33.77;-10308.32;-4.04;-1.31;-4.04;37.07;32.38
2014/08/19 02:00;160372.039709029720;167021.157829008680;4941;2014;8;Aug;2014/08/01;19;3;Tue;Weekday;32.46;33.80;-6649.12;-4.15;-1.35;-4.15;37.07;32.33
2014/08/20 02:00;171587.332252540160;174723.175427943560;5151;2014;8;Aug;2014/08/01;20;4;Wed;Weekday;33.31;33.92;-3135.84;-1.83;-0.61;-1.83;37.07;32.27
2014/08/21 02:00;164208.060612595170;167239.648759931360;4928;2014;8;Aug;2014/08/01;21;5;Thu;Weekday;33.32;33.94;-3031.59;-1.85;-0.62;-1.85;37.07;32.22
2014/08/22 02:00;376778.835704497640;384006.045320909000;11309;2014;8;Aug;2014/08/01;22;6;Fri;Weekday;33.32;33.96;-7227.21;-1.92;-0.64;-1.92;37.07;32.08
2014/08/23 02:00;453633.473978322000;463250.071255097980;13613;2014;8;Aug;2014/08/01;23;7;Sat;Weekday;33.32;34.03;-9616.60;-2.12;-0.71;-2.12;37.07;31.94
2014/08/24 02:00;214392.400852752590;218347.797776929420;6424;2014;8;Aug;2014/08/01;24;1;Sun;Weekday;33.37;33.99;-3955.40;-1.84;-0.62;-1.84;37.07;31.89
2014/08/25 02:00;316404.062322430020;323293.396640473100;9493;2014;8;Aug;2014/08/01;25;2;Mon;Weekday;33.33;34.06;-6889.33;-2.18;-0.73;-2.18;37.07;31.97
2014/08/26 02:00;242824.501340454850;259860.512548685800;7619;2014;8;Aug;2014/08/01;26;3;Tue;Weekday;31.87;34.11;-17036.01;-7.02;-2.24;-7.02;37.07;32.05
2014/08/27 02:00;274712.253284169590;304334.784643436840;8909;2014;8;Aug;2014/08/01;27;4;Wed;Weekday;30.84;34.16;-29622.53;-10.78;-3.33;-10.78;37.07;32.13
2014/08/28 02:00;258066.169394984580;287168.566089825410;8400;2014;8;Aug;2014/08/01;28;5;Thu;Weekday;30.72;34.19;-29102.40;-11.28;-3.46;-11.28;37.07;32.22
2014/08/29 02:00;594007.213203712370;660937.804805603460;19317;2014;8;Aug;2014/08/01;29;6;Fri;Weekday;30.75;34.22;-66930.59;-11.27;-3.46;-11.27;37.07;32.30
2014/08/30 02:00;717096.712818359370;797788.891976237530;23310;2014;8;Aug;2014/08/01;30;7;Sat;Weekday;30.76;34.23;-80692.18;-11.25;-3.46;-11.25;37.07;32.39
2014/08/31 02:00;358170.996328816980;398562.607430158770;11646;2014;8;Aug;2014/08/01;31;1;Sun;Weekday;30.75;34.22;-40391.61;-11.28;-3.47;-11.28;37.07;32.47
2014/09/01 02:00;594953.634906438760;662850.990761084130;19366;2014;9;Sep;2014/09/01;1;2;Mon;Weekday;30.72;34.23;-67897.36;-11.41;-3.51;-11.41;37.07;32.55
2014/09/02 02:00;469469.941025127600;523480.303345641700;15291;2014;9;Sep;2014/09/01;2;3;Tue;Weekday;30.70;34.23;-54010.36;-11.50;-3.53;-11.50;37.07;32.64
2014/09/03 02:00;464067.799340212600;517180.543295555400;15100;2014;9;Sep;2014/09/01;3;4;Wed;Weekday;30.73;34.25;-53112.74;-11.45;-3.52;-11.45;37.07;32.72
2014/09/04 02:00;312311.953981190690;348177.120545781860;10164;2014;9;Sep;2014/09/01;4;5;Thu;Weekday;30.73;34.26;-35865.17;-11.48;-3.53;-11.48;37.07;32.80
2014/09/05 02:00;501279.000444480920;558766.690346946010;16310;2014;9;Sep;2014/09/01;5;6;Fri;Weekday;30.73;34.26;-57487.69;-11.47;-3.52;-11.47;37.07;32.86
2014/09/06 02:00;552703.903758152500;616169.851431136490;17985;2014;9;Sep;2014/09/01;6;7;Sat;Weekday;30.73;34.26;-63465.95;-11.48;-3.53;-11.48;37.07;32.91
2014/09/07 02:00;234153.762210715770;261088.386372967770;7620;2014;9;Sep;2014/09/01;7;1;Sun;Weekday;30.73;34.26;-26934.62;-11.50;-3.53;-11.50;37.07;32.97
2014/09/08 02:00;244481.497729305790;272633.399802757780;7958;2014;9;Sep;2014/09/01;8;2;Mon;Weekday;30.72;34.26;-28151.90;-11.51;-3.54;-11.51;37.07;33.02
2014/09/09 02:00;122749.635278308810;120070.950188597450;3503;2014;9;Sep;2014/09/01;9;3;Tue;Weekday;35.04;34.28;2678.69;2.18;0.76;2.18;37.07;33.00
2014/09/10 02:00;78736.402839721224;77071.542706110122;2247;2014;9;Sep;2014/09/01;10;4;Wed;Weekday;35.04;34.30;1664.86;2.11;0.74;2.11;37.07;32.97
2014/09/11 02:00;70875.110668741108;69489.360846835130;2023;2014;9;Sep;2014/09/01;11;5;Thu;Weekday;35.03;34.35;1385.75;1.96;0.68;1.96;37.07;32.99
2014/09/12 02:00;148634.391406875160;145956.139695920980;4242;2014;9;Sep;2014/09/01;12;6;Fri;Weekday;35.04;34.41;2678.25;1.80;0.63;1.80;37.07;33.04
2014/09/13 02:00;171724.828781933960;168652.203571441700;4901;2014;9;Sep;2014/09/01;13;7;Sat;Weekday;35.04;34.41;3072.63;1.79;0.63;1.79;37.07;33.09
2014/09/14 02:00;86435.698834951094;84948.374577163748;2467;2014;9;Sep;2014/09/01;14;1;Sun;Weekday;35.04;34.43;1487.32;1.72;0.60;1.72;37.07;33.15
2014/09/15 02:00;120236.182703370010;118094.043193148910;3432;2014;9;Sep;2014/09/01;15;2;Mon;Weekday;35.03;34.41;2142.14;1.78;0.62;1.78;37.07;33.20
2014/09/16 02:00;83204.196694181097;81753.424593545584;2375;2014;9;Sep;2014/09/01;16;3;Tue;Weekday;35.03;34.42;1450.77;1.74;0.61;1.74;37.07;33.26
2014/09/17 02:00;73768.034734920977;72471.919323404494;2105;2014;9;Sep;2014/09/01;17;4;Wed;Weekday;35.04;34.43;1296.12;1.76;0.62;1.76;37.07;33.31
2014/09/18 02:00;69425.445115770970;68280.383276895183;1982;2014;9;Sep;2014/09/01;18;5;Thu;Weekday;35.03;34.45;1145.06;1.65;0.58;1.65;37.07;33.37
2014/09/19 02:00;137154.954087791350;135276.909586045950;3915;2014;9;Sep;2014/09/01;19;6;Fri;Weekday;35.03;34.55;1878.04;1.37;0.48;1.37;37.07;33.42
2014/09/20 02:00;153569.061880210150;151376.135589804620;4383;2014;9;Sep;2014/09/01;20;7;Sat;Weekday;35.04;34.54;2192.93;1.43;0.50;1.43;37.07;33.48
2014/09/21 02:00;75633.320588686343;74546.668253599157;2159;2014;9;Sep;2014/09/01;21;1;Sun;Weekday;35.03;34.53;1086.65;1.44;0.50;1.44;37.07;33.54
2014/09/22 02:00;90815.929812690869;89653.637589452905;2592;2014;9;Sep;2014/09/01;22;2;Mon;Weekday;35.04;34.59;1162.29;1.28;0.45;1.28;37.07;33.73
2014/09/23 02:00;110118.156391470140;108880.408963183090;3143;2014;9;Sep;2014/09/01;23;3;Tue;Weekday;35.04;34.64;1237.75;1.12;0.39;1.12;37.07;33.92
2014/09/24 02:00;209908.383111639710;223554.086601750660;6457;2014;9;Sep;2014/09/01;24;4;Wed;Weekday;32.51;34.62;-13645.70;-6.50;-2.11;-6.50;37.07;34.12
2014/09/25 02:00;358365.682968793440;382967.983175682950;11039;2014;9;Sep;2014/09/01;25;5;Thu;Weekday;32.46;34.69;-24602.30;-6.87;-2.23;-6.87;37.07;34.17
2014/09/26 02:00;585463.996007360170;625980.930209414680;18036;2014;9;Sep;2014/09/01;26;6;Fri;Weekday;32.46;34.71;-40516.93;-6.92;-2.25;-6.92;37.07;34.23
2014/09/27 02:00;617019.091534420620;661010.591263862330;19017;2014;9;Sep;2014/09/01;27;7;Sat;Weekday;32.45;34.76;-43991.50;-7.13;-2.31;-7.13;37.07;34.28
2014/09/28 02:00;283850.597105499470;304440.651506454630;8747;2014;9;Sep;2014/09/01;28;1;Sun;Weekday;32.45;34.81;-20590.05;-7.25;-2.35;-7.25;37.07;34.34
2014/09/29 02:00;264317.110368105820;283912.968697441680;8147;2014;9;Sep;2014/09/01;29;2;Mon;Weekday;32.44;34.85;-19595.86;-7.41;-2.41;-7.41;37.07;34.39
2014/09/30 02:00;358024.981348825910;384823.439878072180;11036;2014;9;Sep;2014/09/01;30;3;Tue;Weekday;32.44;34.87;-26798.46;-7.49;-2.43;-7.49;37.07;34.45
2014/10/01 02:00;594438.280780299680;639306.568782465420;18330;2014;10;Oct;2014/10/01;1;4;Wed;Weekday;32.43;34.88;-44868.29;-7.55;-2.45;-7.55;37.07;34.50
2014/10/02 02:00;470507.663044438870;506072.033341429080;14503;2014;10;Oct;2014/10/01;2;5;Thu;Weekday;32.44;34.89;-35564.37;-7.56;-2.45;-7.56;37.07;34.56
2014/10/03 02:00;518693.528664872460;557939.369276368760;15986;2014;10;Oct;2014/10/01;3;6;Fri;Weekday;32.45;34.90;-39245.84;-7.57;-2.46;-7.57;37.07;34.61
2014/10/04 02:00;656245.828428665760;705891.300262452220;20223;2014;10;Oct;2014/10/01;4;7;Sat;Weekday;32.45;34.91;-49645.47;-7.57;-2.45;-7.57;37.07;34.67
2014/10/05 02:00;280055.117716763230;301279.654982431970;8631;2014;10;Oct;2014/10/01;5;1;Sun;Weekday;32.45;34.91;-21224.54;-7.58;-2.46;-7.58;37.07;34.72
2014/10/06 02:00;375648.017455953700;404178.921055227930;11579;2014;10;Oct;2014/10/01;6;2;Mon;Weekday;32.44;34.91;-28530.90;-7.60;-2.46;-7.60;37.07;34.78
2014/10/07 02:00;78111.716463120727;74251.874725965463;2127;2014;10;Oct;2014/10/01;7;3;Tue;Weekday;36.72;34.91;3859.84;4.94;1.81;4.94;37.07;34.83
2014/10/08 02:00;70509.132791540367;67141.979629084031;1923;2014;10;Oct;2014/10/01;8;4;Wed;Weekday;36.67;34.92;3367.15;4.78;1.75;4.78;37.07;34.89
2014/10/09 02:00;103281.311047572060;98065.939078450887;2809;2014;10;Oct;2014/10/01;9;5;Thu;Weekday;36.77;34.91;5215.37;5.05;1.86;5.05;37.07;34.94
2014/10/10 02:00;179841.431779723640;170757.581177206970;4891;2014;10;Oct;2014/10/01;10;6;Fri;Weekday;36.77;34.91;9083.85;5.05;1.86;5.05;37.07;35.08
2014/10/11 02:00;138038.239752894880;131192.316771473650;3758;2014;10;Oct;2014/10/01;11;7;Sat;Weekday;36.73;34.91;6845.92;4.96;1.82;4.96;37.07;35.21
2014/10/12 02:00;61037.562229970368;57992.341511187689;1661;2014;10;Oct;2014/10/01;12;1;Sun;Weekday;36.75;34.91;3045.22;4.99;1.83;4.99;37.07;35.35
2014/10/13 02:00;86799.759454041719;82392.333264616391;2360;2014;10;Oct;2014/10/01;13;2;Mon;Weekday;36.78;34.91;4407.43;5.08;1.87;5.08;37.07;35.49
2014/10/14 02:00;69570.501466700734;66313.940979270206;1894;2014;10;Oct;2014/10/01;14;3;Tue;Weekday;36.73;35.01;3256.56;4.68;1.72;4.68;37.07;35.63
2014/10/15 02:00;130476.355345242440;124398.431629588510;3548;2014;10;Oct;2014/10/01;15;4;Wed;Weekday;36.77;35.06;6077.92;4.66;1.71;4.66;37.07;35.77
2014/10/16 02:00;95229.773480081218;91087.851335542873;2591;2014;10;Oct;2014/10/01;16;5;Thu;Weekday;36.75;35.16;4141.92;4.35;1.60;4.35;37.07;35.91
2014/10/17 02:00;121057.861283503050;116949.791274210730;3293;2014;10;Oct;2014/10/01;17;6;Fri;Weekday;36.76;35.51;4108.07;3.39;1.25;3.39;37.07;36.05
2014/10/18 02:00;169498.916385324880;164492.946632848590;4611;2014;10;Oct;2014/10/01;18;7;Sat;Weekday;36.76;35.67;5005.97;2.95;1.09;2.95;37.07;36.19
2014/10/19 02:00;90692.375875501952;87911.211583205484;2468;2014;10;Oct;2014/10/01;19;1;Sun;Weekday;36.75;35.62;2781.16;3.07;1.13;3.07;37.07;36.33
2014/10/20 02:00;101723.915004092310;98870.811877197717;2773;2014;10;Oct;2014/10/01;20;2;Mon;Weekday;36.68;35.65;2853.10;2.80;1.03;2.80;37.07;36.55
2014/10/21 02:00;103395.691268742430;100424.155743322930;2815;2014;10;Oct;2014/10/01;21;3;Tue;Weekday;36.73;35.67;2971.54;2.87;1.06;2.87;37.07;36.77
2014/10/22 02:00;99075.599096021819;96511.722157538141;2701;2014;10;Oct;2014/10/01;22;4;Wed;Weekday;36.68;35.73;2563.88;2.59;0.95;2.59;37.07;36.94
2014/10/23 02:00;97476.144719572068;94763.842548765941;2651;2014;10;Oct;2014/10/01;23;5;Thu;Weekday;36.77;35.75;2712.30;2.78;1.02;2.78;37.07;36.97
2014/10/24 02:00;248974.652782796390;241961.143245302640;6781;2014;10;Oct;2014/10/01;24;6;Fri;Weekday;36.72;35.68;7013.51;2.82;1.03;2.82;37.07;37.00
2014/10/25 02:00;302721.683300400330;294129.671123118610;8249;2014;10;Oct;2014/10/01;25;7;Sat;Weekday;36.70;35.66;8592.01;2.84;1.04;2.84;37.07;37.03
2014/10/26 02:00;128520.727803953660;124739.233948687960;3502;2014;10;Oct;2014/10/01;26;1;Sun;Weekday;36.70;35.62;3781.49;2.94;1.08;2.94;37.07;37.06
2014/10/27 02:00;145185.268336084880;140651.937178420250;3949;2014;10;Oct;2014/10/01;27;2;Mon;Weekday;36.77;35.62;4533.33;3.12;1.15;3.12;37.07;37.09
2014/10/28 02:00;89527.556631861706;87067.051318914280;2435;2014;10;Oct;2014/10/01;28;3;Tue;Weekday;36.77;35.76;2460.51;2.75;1.01;2.75;37.07;37.12
2014/10/29 02:00;81991.882841411090;80112.548014988250;2232;2014;10;Oct;2014/10/01;29;4;Wed;Weekday;36.73;35.89;1879.33;2.29;0.84;2.29;37.07;37.14
2014/10/30 02:00;69704.491112590491;68293.096389796119;1898;2014;10;Oct;2014/10/01;30;5;Thu;Weekday;36.73;35.98;1411.39;2.02;0.74;2.02;37.07;37.17
2014/10/31 02:00;166652.394819223640;163319.716470676590;4537;2014;10;Oct;2014/10/01;31;6;Fri;Weekday;36.73;36.00;3332.68;2.00;0.73;2.00;37.07;37.20
2014/11/01 02:00;247453.102185247580;242638.801197468390;6730;2014;11;Nov;2014/11/01;1;7;Sat;Weekday;36.77;36.05;4814.30;1.95;0.72;1.95;37.07;37.23
2014/11/02 02:00;148476.181209174860;145646.336801694180;4038;2014;11;Nov;2014/11/01;2;1;Sun;Weekday;36.77;36.07;2829.84;1.91;0.70;1.91;37.07;37.25
2014/11/03 02:00;205368.922634401240;201281.239025563000;5581;2014;11;Nov;2014/11/01;3;2;Mon;Weekday;36.80;36.07;4087.68;1.99;0.73;1.99;37.07;37.28
2014/11/04 02:00;99244.681846049149;90949.442252201086;2519;2014;11;Nov;2014/11/01;4;3;Tue;Weekday;39.40;36.11;8295.24;8.36;3.29;8.36;37.07;37.31
2014/11/05 02:00;72756.863100070492;67872.774326885235;1847;2014;11;Nov;2014/11/01;5;4;Wed;Weekday;39.39;36.75;4884.09;6.71;2.64;6.71;37.07;37.34
2014/11/06 02:00;86867.458080595141;84486.086086063602;2309;2014;11;Nov;2014/11/01;6;5;Thu;Weekday;37.62;36.59;2381.37;2.74;1.03;2.74;37.07;37.51
2014/11/07 02:00;140167.803862205150;136539.203296446680;3722;2014;11;Nov;2014/11/01;7;6;Fri;Weekday;37.66;36.68;3628.60;2.59;0.97;2.59;37.07;37.69
2014/11/08 02:00;160727.302782978950;156700.824995732310;4268;2014;11;Nov;2014/11/01;8;7;Sat;Weekday;37.66;36.72;4026.48;2.51;0.94;2.51;37.07;37.87
2014/11/09 02:00;74115.628776445490;71994.346393653148;1968;2014;11;Nov;2014/11/01;9;1;Sun;Weekday;37.66;36.58;2121.28;2.86;1.08;2.86;37.07;38.04
2014/11/10 02:00;76103.291516535493;73967.605694431360;2016;2014;11;Nov;2014/11/01;10;2;Mon;Weekday;37.75;36.69;2135.69;2.81;1.06;2.81;37.07;38.21
2014/11/11 02:00;56303.366574580374;54996.866607590731;1497;2014;11;Nov;2014/11/01;11;3;Tue;Weekday;37.61;36.74;1306.50;2.32;0.87;2.32;37.07;38.41
2014/11/12 02:00;49436.815864520373;48289.892276094746;1314;2014;11;Nov;2014/11/01;12;4;Wed;Weekday;37.62;36.75;1146.92;2.32;0.87;2.32;37.07;38.60
2014/11/13 02:00;55033.122403980371;53997.218873107588;1466;2014;11;Nov;2014/11/01;13;5;Thu;Weekday;37.54;36.83;1035.90;1.88;0.71;1.88;37.07;38.80
2014/11/14 02:00;149808.165944726380;146994.895501131540;3984;2014;11;Nov;2014/11/01;14;6;Fri;Weekday;37.60;36.90;2813.27;1.88;0.71;1.88;37.07;38.99
2014/11/15 02:00;180685.510729910310;176898.277820370740;4802;2014;11;Nov;2014/11/01;15;7;Sat;Weekday;37.63;36.84;3787.23;2.10;0.79;2.10;37.07;39.18
2014/11/16 02:00;75871.436765220482;73905.810158820022;2017;2014;11;Nov;2014/11/01;16;1;Sun;Weekday;37.62;36.64;1965.63;2.59;0.97;2.59;37.07;39.35
2014/11/17 02:00;86313.334083170121;84418.789109310630;2297;2014;11;Nov;2014/11/01;17;2;Mon;Weekday;37.58;36.75;1894.54;2.19;0.82;2.20;37.07;39.48
2014/11/18 02:00;62631.798752070368;61158.361090192768;1665;2014;11;Nov;2014/11/01;18;3;Tue;Weekday;37.62;36.73;1473.44;2.35;0.88;2.35;37.07;39.59
2014/11/19 02:00;48529.103360340247;47409.554056467168;1291;2014;11;Nov;2014/11/01;19;4;Wed;Weekday;37.59;36.72;1119.55;2.31;0.87;2.31;37.07;39.70
2014/11/20 02:00;51040.881368070251;50038.142634161086;1361;2014;11;Nov;2014/11/01;20;5;Thu;Weekday;37.50;36.77;1002.74;1.96;0.74;1.96;37.07;39.74
2014/11/21 02:00;53973.922240020001;47192.498284101879;1281;2014;11;Nov;2014/11/01;21;6;Fri;Weekday;42.13;36.84;6781.42;12.56;5.29;12.56;37.07;39.75
2014/11/22 02:00;47497.982533509879;41179.088245459163;1122;2014;11;Nov;2014/11/01;22;7;Sat;Weekday;42.33;36.70;6318.89;13.30;5.63;13.30;37.07;39.79
2014/11/23 02:00;31219.951528719885;26893.304677301025;737;2014;11;Nov;2014/11/01;23;1;Sun;Weekday;42.36;36.49;4326.65;13.86;5.87;13.86;37.07;39.88
2014/11/24 02:00;26870.323873470003;23516.041718095501;641;2014;11;Nov;2014/11/01;24;2;Mon;Weekday;41.92;36.69;3354.28;12.48;5.23;12.48;37.07;39.97
2014/11/25 02:00;40530.642292680008;35674.190763166298;968;2014;11;Nov;2014/11/01;25;3;Tue;Weekday;41.87;36.85;4856.45;11.98;5.02;11.98;37.07;40.03
2014/11/26 02:00;30371.431335049881;26054.849168281442;709;2014;11;Nov;2014/11/01;26;4;Wed;Weekday;42.84;36.75;4316.58;14.21;6.09;14.21;37.07;40.05
2014/11/27 02:00;37776.658766749882;32719.689636421641;880;2014;11;Nov;2014/11/01;27;5;Thu;Weekday;42.93;37.18;5056.97;13.39;5.75;13.39;37.07;40.07
2014/11/28 02:00;46818.205322610003;40652.576408851382;1096;2014;11;Nov;2014/11/01;28;6;Fri;Weekday;42.72;37.09;6165.63;13.17;5.63;13.17;37.07;40.09
2014/11/29 02:00;88321.625549760734;79880.243682936474;2068;2014;11;Nov;2014/11/01;29;7;Sat;Weekday;42.71;38.63;8441.38;9.56;4.08;9.56;37.07;40.12
2014/11/30 02:00;101037.827829791600;93177.884704390279;2375;2014;11;Nov;2014/11/01;30;1;Sun;Weekday;42.54;39.23;7859.94;7.78;3.31;7.78;37.07;40.15
2014/12/01 02:00;105100.667648511470;97257.394665729371;2492;2014;12;Dec;2014/12/01;1;2;Mon;Weekday;42.18;39.03;7843.27;7.46;3.15;7.46;37.07;40.18
2014/12/02 02:00;88219.525488129890;85533.428923318512;2170;2014;12;Dec;2014/12/01;2;3;Tue;Weekday;40.65;39.42;2686.10;3.04;1.24;3.04;37.07;40.20
2014/12/03 02:00;71590.369289220369;69654.930305904010;1784;2014;12;Dec;2014/12/01;3;4;Wed;Weekday;40.13;39.04;1935.44;2.70;1.08;2.70;37.07;40.23
2014/12/04 02:00;54996.621692620247;54503.028547504560;1368;2014;12;Dec;2014/12/01;4;5;Thu;Weekday;40.20;39.84;493.59;0.90;0.36;0.90;37.07;40.25
2014/12/05 02:00;77884.181609825493;77619.294889390410;1914;2014;12;Dec;2014/12/01;5;6;Fri;Weekday;40.69;40.55;264.89;0.34;0.14;0.34;37.07;40.27
2014/12/06 02:00;150370.116723676360;154998.834581876810;3765;2014;12;Dec;2014/12/01;6;7;Sat;Weekday;39.94;41.17;-4628.72;-3.08;-1.23;-3.08;37.07;40.30
2014/12/07 02:00;104675.376115349170;111903.737902479290;2712;2014;12;Dec;2014/12/01;7;1;Sun;Weekday;38.60;41.26;-7228.36;-6.91;-2.67;-6.91;37.07;40.26
2014/12/08 02:00;90121.530475064763;91081.668194086160;2222;2014;12;Dec;2014/12/01;8;2;Mon;Weekday;40.56;40.99;-960.14;-1.07;-0.43;-1.07;37.07;40.20
2014/12/09 02:00;75425.443698290488;77014.255960305571;1861;2014;12;Dec;2014/12/01;9;3;Tue;Weekday;40.53;41.38;-1588.81;-2.11;-0.85;-2.11;37.07;40.16
2014/12/10 02:00;161844.809435673670;169348.518584864770;4095;2014;12;Dec;2014/12/01;10;4;Wed;Weekday;39.52;41.35;-7503.71;-4.64;-1.83;-4.64;37.07;40.14
2014/12/11 02:00;158603.356968003650;171692.993606533480;4157;2014;12;Dec;2014/12/01;11;5;Thu;Weekday;38.15;41.30;-13089.64;-8.25;-3.15;-8.25;37.07;40.12
2014/12/12 02:00;279092.095956450150;301236.109879810010;7259;2014;12;Dec;2014/12/01;12;6;Fri;Weekday;38.45;41.50;-22144.01;-7.93;-3.05;-7.93;37.07;40.06
2014/12/13 02:00;369350.989480898190;402564.678627585240;9654;2014;12;Dec;2014/12/01;13;7;Sat;Weekday;38.26;41.70;-33213.69;-8.99;-3.44;-8.99;37.07;40.01
2014/12/14 02:00;177500.107725608660;192327.320656121740;4632;2014;12;Dec;2014/12/01;14;1;Sun;Weekday;38.32;41.52;-14827.21;-8.35;-3.20;-8.35;37.07;39.96
2014/12/15 02:00;282246.628678287550;304489.638251931000;7341;2014;12;Dec;2014/12/01;15;2;Mon;Weekday;38.45;41.48;-22243.01;-7.88;-3.03;-7.88;37.07;39.82
2014/12/16 02:00;166037.925729513660;179571.129079940960;4308;2014;12;Dec;2014/12/01;16;3;Tue;Weekday;38.54;41.68;-13533.20;-8.15;-3.14;-8.15;37.07;39.70
2014/12/17 02:00;148910.998360158640;161137.522003047520;3865;2014;12;Dec;2014/12/01;17;4;Wed;Weekday;38.53;41.69;-12226.52;-8.21;-3.16;-8.21;37.07;39.58
2014/12/18 02:00;202359.142899871220;221435.768649636010;5288;2014;12;Dec;2014/12/01;18;5;Thu;Weekday;38.27;41.88;-19076.63;-9.43;-3.61;-9.43;37.07;39.51
2014/12/19 02:00;274343.654345233810;299516.837764982660;7141;2014;12;Dec;2014/12/01;19;6;Fri;Weekday;38.42;41.94;-25173.18;-9.18;-3.53;-9.18;37.07;39.46
2014/12/20 02:00;316167.074658572730;346378.304767848230;8268;2014;12;Dec;2014/12/01;20;7;Sat;Weekday;38.24;41.89;-30211.23;-9.56;-3.65;-9.56;37.07;39.41
2014/12/21 02:00;173833.400128413660;190644.501568691690;4541;2014;12;Dec;2014/12/01;21;1;Sun;Weekday;38.28;41.98;-16811.10;-9.67;-3.70;-9.67;37.07;39.34
2014/12/22 02:00;204565.081835411520;210188.909410447900;5014;2014;12;Dec;2014/12/01;22;2;Mon;Weekday;40.80;41.92;-5623.83;-2.75;-1.12;-2.75;37.07;39.30
2014/12/23 02:00;316394.730857309250;326627.138416375620;7778;2014;12;Dec;2014/12/01;23;3;Tue;Weekday;40.68;41.99;-10232.41;-3.23;-1.32;-3.23;37.07;39.38
2014/12/24 02:00;486230.320193627620;495909.089563395890;11809;2014;12;Dec;2014/12/01;24;4;Wed;Weekday;41.17;41.99;-9678.77;-1.99;-0.82;-1.99;37.07;39.40
2014/12/25 02:00;137686.532100606390;140525.786741103420;3344;2014;12;Dec;2014/12/01;25;5;Thu;Weekday;41.17;42.02;-2839.25;-2.06;-0.85;-2.06;37.07;39.42
2014/12/26 02:00;48102.962409030246;49028.365072183806;1169;2014;12;Dec;2014/12/01;26;6;Fri;Weekday;41.15;41.94;-925.40;-1.92;-0.79;-1.92;37.07;39.48
2014/12/27 02:00;110162.131982548060;112383.559247306330;2676;2014;12;Dec;2014/12/01;27;7;Sat;Weekday;41.17;42.00;-2221.43;-2.02;-0.83;-2.02;37.07;39.57
2014/12/28 02:00;69051.337093420370;70482.717802969084;1677;2014;12;Dec;2014/12/01;28;1;Sun;Weekday;41.18;42.03;-1431.38;-2.07;-0.85;-2.07;37.07;39.66
2014/12/29 02:00;133307.368962827580;136003.482525751780;3237;2014;12;Dec;2014/12/01;29;2;Mon;Weekday;41.18;42.02;-2696.11;-2.02;-0.83;-2.02;37.07;39.76
2014/12/30 02:00;216389.504268855030;235723.764753908180;5607;2014;12;Dec;2014/12/01;30;3;Tue;Weekday;38.59;42.04;-19334.26;-8.93;-3.45;-8.93;37.07;39.85
2014/12/31 02:00;365055.312012721840;398013.348330372130;9464;2014;12;Dec;2014/12/01;31;4;Wed;Weekday;38.57;42.06;-32958.04;-9.03;-3.48;-9.03;37.07;39.94
2015/01/01 02:00;112161.419616753050;122170.431684627740;2905;2015;1;Jan;2015/01/01;1;5;Thu;Weekday;38.61;42.06;-10009.01;-8.92;-3.45;-8.92;37.07;40.02
2015/01/02 02:00;271101.461670312740;295019.469429590330;7023;2015;1;Jan;2015/01/01;2;6;Fri;Weekday;38.60;42.01;-23918.01;-8.82;-3.41;-8.82;37.07;40.11
2015/01/03 02:00;245813.288312123970;267734.725255370720;6371;2015;1;Jan;2015/01/01;3;7;Sat;Weekday;38.58;42.02;-21921.44;-8.92;-3.44;-8.92;37.07;40.20
2015/01/04 02:00;178394.811997548680;194427.447973502310;4624;2015;1;Jan;2015/01/01;4;1;Sun;Weekday;38.58;42.05;-16032.64;-8.99;-3.47;-8.99;37.07;40.29
2015/01/05 02:00;220443.631484265030;239988.027460387330;5717;2015;1;Jan;2015/01/01;5;2;Mon;Weekday;38.56;41.98;-19544.40;-8.87;-3.42;-8.87;37.07;40.38
2015/01/06 02:00;181534.188672678630;197328.943910810690;4705;2015;1;Jan;2015/01/01;6;3;Tue;Weekday;38.58;41.94;-15794.76;-8.70;-3.36;-8.70;37.07;40.48
2015/01/07 02:00;83176.481393400245;84728.831196631072;2020;2015;1;Jan;2015/01/01;7;4;Wed;Weekday;41.18;41.94;-1552.35;-1.87;-0.77;-1.87;37.07;40.49
2015/01/08 02:00;76894.779348705371;78468.095499687464;1868;2015;1;Jan;2015/01/01;8;5;Thu;Weekday;41.16;42.01;-1573.32;-2.05;-0.84;-2.05;37.07;40.51
2015/01/09 02:00;123859.387956737570;126444.142518280950;3008;2015;1;Jan;2015/01/01;9;6;Fri;Weekday;41.18;42.04;-2584.75;-2.09;-0.86;-2.09;37.07;40.51
2015/01/10 02:00;120807.574158327330;123392.804067780710;2934;2015;1;Jan;2015/01/01;10;7;Sat;Weekday;41.18;42.06;-2585.23;-2.14;-0.88;-2.14;37.07;40.51
2015/01/11 02:00;69597.367349330380;71051.363502932756;1690;2015;1;Jan;2015/01/01;11;1;Sun;Weekday;41.18;42.04;-1454.00;-2.09;-0.86;-2.09;37.07;40.51
2015/01/12 02:00;84738.294411260125;86467.537750281685;2058;2015;1;Jan;2015/01/01;12;2;Mon;Weekday;41.18;42.02;-1729.24;-2.04;-0.84;-2.04;37.07;40.51
2015/01/13 02:00;64653.972138140365;65980.422089859814;1570;2015;1;Jan;2015/01/01;13;3;Tue;Weekday;41.18;42.03;-1326.45;-2.05;-0.84;-2.05;37.07;40.51
2015/01/14 02:00;59553.386031020251;60703.356028777598;1446;2015;1;Jan;2015/01/01;14;4;Wed;Weekday;41.18;41.98;-1149.97;-1.93;-0.80;-1.93;37.07;40.51
2015/01/15 02:00;79080.756957730366;80337.748312174546;1921;2015;1;Jan;2015/01/01;15;5;Thu;Weekday;41.17;41.82;-1256.99;-1.59;-0.65;-1.59;37.07;40.59
2015/01/16 02:00;149444.056787453940;152030.986480535210;3629;2015;1;Jan;2015/01/01;16;6;Fri;Weekday;41.18;41.89;-2586.93;-1.73;-0.71;-1.73;37.07;40.67
2015/01/17 02:00;170624.079935891520;173547.027110042430;4144;2015;1;Jan;2015/01/01;17;7;Sat;Weekday;41.17;41.88;-2922.95;-1.71;-0.71;-1.71;37.07;40.76
2015/01/18 02:00;74744.283149260489;76003.928254213824;1815;2015;1;Jan;2015/01/01;18;1;Sun;Weekday;41.18;41.88;-1259.65;-1.69;-0.69;-1.69;37.07;40.84
2015/01/19 02:00;90144.161401489764;91110.969347994804;2189;2015;1;Jan;2015/01/01;19;2;Mon;Weekday;41.18;41.62;-966.81;-1.07;-0.44;-1.07;37.07;40.92
2015/01/20 02:00;97826.808800979037;99134.306988593540;2376;2015;1;Jan;2015/01/01;20;3;Tue;Weekday;41.17;41.72;-1307.50;-1.34;-0.55;-1.34;37.07;41.01
2015/01/21 02:00;62795.979145920370;64144.088875245921;1525;2015;1;Jan;2015/01/01;21;4;Wed;Weekday;41.18;42.06;-1348.11;-2.15;-0.88;-2.15;37.07;41.09
2015/01/22 02:00;66550.989827080368;67952.150554841501;1616;2015;1;Jan;2015/01/01;22;5;Thu;Weekday;41.18;42.05;-1401.16;-2.11;-0.87;-2.11;37.07;41.17
2015/01/23 02:00;154670.890700753920;158031.791043172040;3757;2015;1;Jan;2015/01/01;23;6;Fri;Weekday;41.17;42.06;-3360.90;-2.17;-0.89;-2.17;37.07;41.17
2015/01/24 02:00;158722.105625363940;162082.418438514370;3855;2015;1;Jan;2015/01/01;24;7;Sat;Weekday;41.17;42.04;-3360.31;-2.12;-0.87;-2.12;37.07;41.17
2015/01/25 02:00;78092.276922030491;79795.043103160700;1897;2015;1;Jan;2015/01/01;25;1;Sun;Weekday;41.17;42.06;-1702.77;-2.18;-0.90;-2.18;37.07;41.17
2015/01/26 02:00;91830.402043779875;93808.086746872388;2230;2015;1;Jan;2015/01/01;26;2;Mon;Weekday;41.18;42.07;-1977.68;-2.15;-0.89;-2.15;37.07;41.06
2015/01/27 02:00;76992.935683210482;78614.457753375827;1870;2015;1;Jan;2015/01/01;27;3;Tue;Weekday;41.17;42.04;-1621.52;-2.11;-0.87;-2.11;37.07;40.95
2015/01/28 02:00;59897.715879940370;61194.180255889565;1455;2015;1;Jan;2015/01/01;28;4;Wed;Weekday;41.17;42.06;-1296.46;-2.16;-0.89;-2.16;37.07;40.84
2015/01/29 02:00;57310.194042320363;58531.410985186470;1392;2015;1;Jan;2015/01/01;29;5;Thu;Weekday;41.17;42.05;-1221.22;-2.13;-0.88;-2.13;37.07;40.73
2015/01/30 02:00;134540.214465737580;137221.537473577250;3268;2015;1;Jan;2015/01/01;30;6;Fri;Weekday;41.17;41.99;-2681.32;-1.99;-0.82;-1.99;37.07;40.62
2015/01/31 02:00;200193.611999160320;203814.736389084950;4862;2015;1;Jan;2015/01/01;31;7;Sat;Weekday;41.18;41.92;-3621.12;-1.81;-0.74;-1.81;37.07;40.50
2015/02/01 02:00;171469.930529662760;174652.457989964260;4165;2015;2;Feb;2015/02/01;1;1;Sun;Weekday;41.17;41.93;-3182.53;-1.86;-0.76;-1.86;37.07;40.39
2015/02/02 02:00;151737.218832465150;154148.598813021530;3685;2015;2;Feb;2015/02/01;2;2;Mon;Weekday;41.18;41.83;-2411.38;-1.59;-0.65;-1.59;37.07;40.28
2015/02/03 02:00;102072.443405578920;103634.964229016040;2479;2015;2;Feb;2015/02/01;3;3;Tue;Weekday;41.17;41.81;-1562.52;-1.53;-0.63;-1.53;37.07;40.17
2015/02/04 02:00;82514.105120030377;83232.391367362128;2005;2015;2;Feb;2015/02/01;4;4;Wed;Weekday;41.15;41.51;-718.29;-0.87;-0.36;-0.87;37.07;40.06
2015/02/05 02:00;46211.332458070247;46407.299117268973;1122;2015;2;Feb;2015/02/01;5;5;Thu;Weekday;41.19;41.36;-195.97;-0.42;-0.17;-0.42;37.07;39.95
2015/02/06 02:00;85730.414810460134;85765.709336061569;2082;2015;2;Feb;2015/02/01;6;6;Fri;Weekday;41.18;41.19;-35.29;-0.04;-0.02;-0.04;37.07;39.83
2015/02/07 02:00;105918.293290608450;105662.556240900160;2573;2015;2;Feb;2015/02/01;7;7;Sat;Weekday;41.17;41.07;255.74;0.24;0.10;0.24;37.07;39.72
2015/02/08 02:00;73041.660871220491;73046.233899676779;1774;2015;2;Feb;2015/02/01;8;1;Sun;Weekday;41.17;41.18;-4.57;-0.01;0.00;-0.01;37.07;39.69
2015/02/09 02:00;97908.547096098671;97097.936590193072;2378;2015;2;Feb;2015/02/01;9;2;Mon;Weekday;41.17;40.83;810.61;0.83;0.34;0.83;37.07;39.58
2015/02/10 02:00;138667.415911136370;148522.849020419900;3677;2015;2;Feb;2015/02/01;10;3;Tue;Weekday;37.71;40.39;-9855.43;-7.11;-2.68;-7.11;37.07;39.47
2015/02/11 02:00;162162.103518323970;173661.827835086440;4299;2015;2;Feb;2015/02/01;11;4;Wed;Weekday;37.72;40.40;-11499.72;-7.09;-2.67;-7.09;37.07;39.36
2015/02/12 02:00;138520.126803926370;147756.342793815220;3674;2015;2;Feb;2015/02/01;12;5;Thu;Weekday;37.70;40.22;-9236.22;-6.67;-2.51;-6.67;37.07;39.25
2015/02/13 02:00;358597.428509158490;382447.080417085030;9505;2015;2;Feb;2015/02/01;13;6;Fri;Weekday;37.73;40.24;-23849.65;-6.65;-2.51;-6.65;37.07;39.14
2015/02/14 02:00;424009.882517061200;451548.027559624400;11237;2015;2;Feb;2015/02/01;14;7;Sat;Weekday;37.73;40.18;-27538.15;-6.49;-2.45;-6.49;37.07;39.03
2015/02/15 02:00;203861.472378125440;217065.615160827320;5406;2015;2;Feb;2015/02/01;15;1;Sun;Weekday;37.71;40.15;-13204.14;-6.48;-2.44;-6.48;37.07;38.92
2015/02/16 02:00;220506.209332815460;234723.220045322320;5846;2015;2;Feb;2015/02/01;16;2;Mon;Weekday;37.72;40.15;-14217.01;-6.45;-2.43;-6.45;37.07;38.81
2015/02/17 02:00;139935.936976345170;148697.543695989590;3713;2015;2;Feb;2015/02/01;17;3;Tue;Weekday;37.69;40.05;-8761.61;-6.26;-2.36;-6.26;37.07;38.70
2015/02/18 02:00;161064.752344883950;170739.366623168350;4270;2015;2;Feb;2015/02/01;18;4;Wed;Weekday;37.72;39.99;-9674.61;-6.01;-2.27;-6.01;37.07;38.59
2015/02/19 02:00;144328.545189985160;152824.114898404600;3827;2015;2;Feb;2015/02/01;19;5;Thu;Weekday;37.71;39.93;-8495.57;-5.89;-2.22;-5.89;37.07;38.48
2015/02/20 02:00;293071.759196403320;310240.378395340580;7770;2015;2;Feb;2015/02/01;20;6;Fri;Weekday;37.72;39.93;-17168.62;-5.86;-2.21;-5.86;37.07;38.37
2015/02/21 02:00;267782.153961908190;283430.336833763230;7102;2015;2;Feb;2015/02/01;21;7;Sat;Weekday;37.71;39.91;-15648.18;-5.84;-2.20;-5.84;37.07;38.37
2015/02/22 02:00;136052.688423625160;144020.122759740100;3608;2015;2;Feb;2015/02/01;22;1;Sun;Weekday;37.71;39.92;-7967.43;-5.86;-2.21;-5.86;37.07;38.37
2015/02/23 02:00;86703.314090379165;85730.966539282686;2150;2015;2;Feb;2015/02/01;23;2;Mon;Weekday;40.33;39.87;972.35;1.12;0.45;1.12;37.07;38.37
2015/02/24 02:00;95474.357369099642;100867.524060755900;2530;2015;2;Feb;2015/02/01;24;3;Tue;Weekday;37.74;39.87;-5393.17;-5.65;-2.13;-5.65;37.07;38.37
2015/02/25 02:00;198431.627526981490;209499.794109120970;5253;2015;2;Feb;2015/02/01;25;4;Wed;Weekday;37.77;39.88;-11068.17;-5.58;-2.11;-5.58;37.07;38.37
2015/02/26 02:00;157291.733998945160;166305.037627470450;4171;2015;2;Feb;2015/02/01;26;5;Thu;Weekday;37.71;39.87;-9013.30;-5.73;-2.16;-5.73;37.07;38.48
2015/02/27 02:00;307540.675156236980;324997.336478028160;8156;2015;2;Feb;2015/02/01;27;6;Fri;Weekday;37.71;39.85;-17456.66;-5.68;-2.14;-5.68;37.07;38.59
2015/02/28 02:00;350898.763510269690;375030.635452059160;9296;2015;2;Feb;2015/02/01;28;7;Sat;Weekday;37.75;40.34;-24131.87;-6.88;-2.60;-6.88;37.07;38.70
2015/03/01 02:00;256701.542733340610;276569.250392359510;6803;2015;3;Mar;2015/03/01;1;1;Sun;Weekday;37.73;40.65;-19867.71;-7.74;-2.92;-7.74;37.07;38.81
2015/03/02 02:00;234705.592779103030;252709.823069759760;6221;2015;3;Mar;2015/03/01;2;2;Mon;Weekday;37.73;40.62;-18004.23;-7.67;-2.89;-7.67;37.07;38.93
2015/03/03 02:00;249380.565447579230;268761.832356944450;6611;2015;3;Mar;2015/03/01;3;3;Tue;Weekday;37.72;40.65;-19381.27;-7.77;-2.93;-7.77;37.07;39.04
2015/03/04 02:00;258211.444167697890;278825.606678536510;6843;2015;3;Mar;2015/03/01;4;4;Wed;Weekday;37.73;40.75;-20614.16;-7.98;-3.01;-7.98;37.07;39.15
2015/03/05 02:00;145975.833942825150;157578.005866527990;3858;2015;3;Mar;2015/03/01;5;5;Thu;Weekday;37.84;40.84;-11602.17;-7.95;-3.01;-7.95;37.07;39.26
2015/03/06 02:00;269239.852583668190;291365.017554398570;7128;2015;3;Mar;2015/03/01;6;6;Fri;Weekday;37.77;40.88;-22125.16;-8.22;-3.10;-8.22;37.07;39.37
2015/03/07 02:00;306920.211601292130;332242.411551486000;8127;2015;3;Mar;2015/03/01;7;7;Sat;Weekday;37.77;40.88;-25322.20;-8.25;-3.12;-8.25;37.07;39.48
2015/03/08 02:00;122106.795622386370;121394.812201172240;2966;2015;3;Mar;2015/03/01;8;1;Sun;Weekday;41.17;40.93;711.98;0.58;0.24;0.58;37.07;39.60
2015/03/09 02:00;117661.280792547080;116861.158273551470;2858;2015;3;Mar;2015/03/01;9;2;Mon;Weekday;41.17;40.89;800.12;0.68;0.28;0.68;37.07;39.60
2015/03/10 02:00;62499.799171560371;62073.872654165207;1518;2015;3;Mar;2015/03/01;10;3;Tue;Weekday;41.17;40.89;425.93;0.68;0.28;0.68;37.07;39.60
2015/03/11 02:00;57063.984124270370;56638.281370608107;1386;2015;3;Mar;2015/03/01;11;4;Wed;Weekday;41.17;40.86;425.70;0.75;0.31;0.75;37.07;39.51
2015/03/12 02:00;48008.482841660247;47681.672078871583;1166;2015;3;Mar;2015/03/01;12;5;Thu;Weekday;41.17;40.89;326.81;0.68;0.28;0.68;37.07;39.51
2015/03/13 02:00;117446.839113308310;116681.141551658690;2853;2015;3;Mar;2015/03/01;13;6;Fri;Weekday;41.17;40.90;765.70;0.65;0.27;0.65;37.07;39.51
2015/03/14 02:00;150591.547900835170;149573.827592689600;3657;2015;3;Mar;2015/03/01;14;7;Sat;Weekday;41.18;40.90;1017.72;0.68;0.28;0.68;37.07;39.51
2015/03/15 02:00;67152.474953640369;66802.983217839879;1631;2015;3;Mar;2015/03/01;15;1;Sun;Weekday;41.17;40.96;349.49;0.52;0.21;0.52;37.07;39.51
2015/03/16 02:00;80635.289248590489;80121.290522541603;1959;2015;3;Mar;2015/03/01;16;2;Mon;Weekday;41.16;40.90;514.00;0.64;0.26;0.64;37.07;39.51
2015/03/17 02:00;50669.637098340369;50308.957054208026;1230;2015;3;Mar;2015/03/01;17;3;Tue;Weekday;41.19;40.90;360.68;0.71;0.29;0.71;37.07;39.52
2015/03/18 02:00;48648.992664940248;48362.068791947771;1182;2015;3;Mar;2015/03/01;18;4;Wed;Weekday;41.16;40.92;286.92;0.59;0.24;0.59;37.07;39.52
2015/03/19 02:00;43213.177617650246;42981.216847754557;1050;2015;3;Mar;2015/03/01;19;5;Thu;Weekday;41.16;40.93;231.96;0.54;0.22;0.54;37.07;39.52
2015/03/20 02:00;96881.018094589395;96453.287284883205;2353;2015;3;Mar;2015/03/01;20;6;Fri;Weekday;41.17;40.99;427.73;0.44;0.18;0.44;37.07;39.52
2015/03/21 02:00;121360.885141236370;120829.287971070390;2947;2015;3;Mar;2015/03/01;21;7;Sat;Weekday;41.18;41.00;531.60;0.44;0.18;0.44;37.07;39.52
2015/03/22 02:00;66954.366371970376;66756.376443642119;1626;2015;3;Mar;2015/03/01;22;1;Sun;Weekday;41.18;41.06;197.99;0.30;0.12;0.30;37.07;39.52
2015/03/23 02:00;81342.150763930375;81132.012897235923;1976;2015;3;Mar;2015/03/01;23;2;Mon;Weekday;41.17;41.06;210.14;0.26;0.11;0.26;37.07;39.61
2015/03/24 02:00;125060.707911736380;136375.152713516670;3312;2015;3;Mar;2015/03/01;24;3;Tue;Weekday;37.76;41.18;-11314.44;-9.05;-3.42;-9.05;37.07;39.61
2015/03/25 02:00;253218.831241984240;276194.829484042710;6704;2015;3;Mar;2015/03/01;25;4;Wed;Weekday;37.77;41.20;-22976.00;-9.07;-3.43;-9.07;37.07;39.61
2015/03/26 02:00;229184.471880466680;250361.150209325710;6077;2015;3;Mar;2015/03/01;26;5;Thu;Weekday;37.71;41.20;-21176.68;-9.24;-3.48;-9.24;37.07;39.61
2015/03/27 02:00;354191.350950569730;386464.651326986090;9386;2015;3;Mar;2015/03/01;27;6;Fri;Weekday;37.74;41.17;-32273.30;-9.11;-3.44;-9.11;37.07;39.61
2015/03/28 02:00;459484.666635486360;501362.572490348310;12181;2015;3;Mar;2015/03/01;28;7;Sat;Weekday;37.72;41.16;-41877.91;-9.11;-3.44;-9.11;37.07;39.61
2015/03/29 02:00;224102.888470814240;244359.807462232940;5937;2015;3;Mar;2015/03/01;29;1;Sun;Weekday;37.75;41.16;-20256.92;-9.04;-3.41;-9.04;37.07;39.61
2015/03/30 02:00;215203.558782357900;234819.447426689180;5706;2015;3;Mar;2015/03/01;30;2;Mon;Weekday;37.72;41.15;-19615.89;-9.12;-3.44;-9.12;37.07;39.63
2015/03/31 02:00;355534.912042066980;386988.914748483920;9421;2015;3;Mar;2015/03/01;31;3;Tue;Weekday;37.74;41.08;-31454.00;-8.85;-3.34;-8.85;37.07;39.64
2015/04/01 02:00;498894.343930156380;542483.835805508890;13207;2015;4;Apr;2015/04/01;1;4;Wed;Weekday;37.77;41.08;-43589.49;-8.74;-3.30;-8.74;37.07;39.66
2015/04/02 02:00;715032.189870242960;777522.192751015770;18936;2015;4;Apr;2015/04/01;2;5;Thu;Weekday;37.76;41.06;-62490.00;-8.74;-3.30;-8.74;37.07;39.68
2015/04/03 02:00;510289.215605129080;554159.819413426910;13503;2015;4;Apr;2015/04/01;3;6;Fri;Weekday;37.79;41.04;-43870.60;-8.60;-3.25;-8.60;37.07;39.70
2015/04/04 02:00;400302.039492410960;434872.728910345820;10600;2015;4;Apr;2015/04/01;4;7;Sat;Weekday;37.76;41.03;-34570.69;-8.64;-3.26;-8.64;37.07;39.73
2015/04/05 02:00;135578.203445037590;147335.925053665880;3591;2015;4;Apr;2015/04/01;5;1;Sun;Weekday;37.75;41.03;-11757.72;-8.67;-3.27;-8.67;37.07;39.75
2015/04/06 02:00;182466.255208660320;198405.229112325700;4836;2015;4;Apr;2015/04/01;6;2;Mon;Weekday;37.73;41.03;-15938.97;-8.74;-3.30;-8.74;37.07;39.78
2015/04/07 02:00;176814.202569470300;178390.149061553760;4348;2015;4;Apr;2015/04/01;7;3;Tue;Weekday;40.67;41.03;-1575.95;-0.89;-0.36;-0.89;37.07;39.70
2015/04/08 02:00;100917.671565198790;100579.128948365110;2451;2015;4;Apr;2015/04/01;8;4;Wed;Weekday;41.17;41.04;338.54;0.34;0.14;0.34;37.07;39.73
2015/04/09 02:00;74690.672729450496;74427.585972183966;1814;2015;4;Apr;2015/04/01;9;5;Thu;Weekday;41.17;41.03;263.09;0.35;0.15;0.35;37.07;39.76
2015/04/10 02:00;114067.077101727470;113653.973563220310;2770;2015;4;Apr;2015/04/01;10;6;Fri;Weekday;41.18;41.03;413.10;0.36;0.15;0.36;37.07;39.76
2015/04/11 02:00;126507.800941166370;126043.769159337490;3072;2015;4;Apr;2015/04/01;11;7;Sat;Weekday;41.18;41.03;464.03;0.37;0.15;0.37;37.07;39.79
2015/04/12 02:00;79648.629394640506;79349.402451342714;1934;2015;4;Apr;2015/04/01;12;1;Sun;Weekday;41.18;41.03;299.23;0.38;0.15;0.38;37.07;39.82
2015/04/13 02:00;83137.432427590247;82700.354170302948;2019;2015;4;Apr;2015/04/01;13;2;Mon;Weekday;41.18;40.96;437.08;0.53;0.22;0.53;37.07;39.85
2015/04/14 02:00;40776.027061670247;39940.199579223205;979;2015;4;Apr;2015/04/01;14;3;Tue;Weekday;41.65;40.80;835.83;2.05;0.85;2.05;37.07;39.88
2015/04/15 02:00;58278.457926050367;56969.922594239448;1398;2015;4;Apr;2015/04/01;15;4;Wed;Weekday;41.69;40.75;1308.54;2.25;0.94;2.25;37.07;39.91
2015/04/16 02:00;50000.101443420244;48827.885381172753;1198;2015;4;Apr;2015/04/01;16;5;Thu;Weekday;41.74;40.76;1172.22;2.34;0.98;2.34;37.07;39.93
2015/04/17 02:00;103911.919082128200;101408.949586720230;2485;2015;4;Apr;2015/04/01;17;6;Fri;Weekday;41.82;40.81;2502.97;2.41;1.01;2.41;37.07;39.93
2015/04/18 02:00;132843.222616576360;129545.532123517200;3172;2015;4;Apr;2015/04/01;18;7;Sat;Weekday;41.88;40.84;3297.69;2.48;1.04;2.48;37.07;39.96
2015/04/19 02:00;62786.611277180004;61213.255905066573;1497;2015;4;Apr;2015/04/01;19;1;Sun;Weekday;41.94;40.89;1573.36;2.51;1.05;2.51;37.07;39.99
2015/04/20 02:00;57233.406641560126;55706.875425596525;1365;2015;4;Apr;2015/04/01;20;2;Mon;Weekday;41.93;40.81;1526.53;2.67;1.12;2.67;37.07;40.02
2015/04/21 02:00;56874.345455010007;55172.171225548656;1353;2015;4;Apr;2015/04/01;21;3;Tue;Weekday;42.04;40.78;1702.17;2.99;1.26;2.99;37.07;40.02
2015/04/22 02:00;132737.737016898640;140263.930102391870;3439;2015;4;Apr;2015/04/01;22;4;Wed;Weekday;38.60;40.79;-7526.19;-5.67;-2.19;-5.67;37.07;40.13
2015/04/23 02:00;60310.338948120007;58446.054929901366;1434;2015;4;Apr;2015/04/01;23;5;Thu;Weekday;42.06;40.76;1864.28;3.09;1.30;3.09;37.07;40.04
2015/04/24 02:00;343587.008478719220;362390.596041908250;8892;2015;4;Apr;2015/04/01;24;6;Fri;Weekday;38.64;40.75;-18803.59;-5.47;-2.11;-5.47;37.07;39.93
2015/04/25 02:00;496882.315023702740;535306.009870188190;13144;2015;4;Apr;2015/04/01;25;7;Sat;Weekday;37.80;40.73;-38423.69;-7.73;-2.92;-7.73;37.07;39.82
2015/04/26 02:00;200369.829861661240;210964.768086996510;5179;2015;4;Apr;2015/04/01;26;1;Sun;Weekday;38.69;40.73;-10594.94;-5.29;-2.05;-5.29;37.07;39.71
2015/04/27 02:00;194028.061819216240;204053.498934647160;5014;2015;4;Apr;2015/04/01;27;2;Mon;Weekday;38.70;40.70;-10025.44;-5.17;-2.00;-5.17;37.07;39.60
2015/04/28 02:00;190560.579181832440;200804.036845099940;4936;2015;4;Apr;2015/04/01;28;3;Tue;Weekday;38.61;40.68;-10243.46;-5.38;-2.08;-5.38;37.07;39.49
2015/04/29 02:00;198985.399622612430;209483.875808772830;5150;2015;4;Apr;2015/04/01;29;4;Wed;Weekday;38.64;40.68;-10498.48;-5.28;-2.04;-5.28;37.07;39.38
2015/04/30 02:00;385482.872025708200;406252.007593416430;9986;2015;4;Apr;2015/04/01;30;5;Thu;Weekday;38.60;40.68;-20769.14;-5.39;-2.08;-5.39;37.07;39.25
2015/05/01 02:00;499703.414718030140;526206.937172216480;12937;2015;5;May;2015/05/01;1;6;Fri;Weekday;38.63;40.67;-26503.52;-5.30;-2.05;-5.30;37.07;39.12
2015/05/02 02:00;461667.003881012560;496852.801993075700;12217;2015;5;May;2015/05/01;2;7;Sat;Weekday;37.79;40.67;-35185.80;-7.62;-2.88;-7.62;37.07;38.99
2015/05/03 02:00;259541.608721513940;273280.046370404660;6721;2015;5;May;2015/05/01;3;1;Sun;Weekday;38.62;40.66;-13738.44;-5.29;-2.04;-5.29;37.07;38.86
2015/05/04 02:00;320309.274401586680;336742.602365385740;8283;2015;5;May;2015/05/01;4;2;Mon;Weekday;38.67;40.65;-16433.33;-5.13;-1.98;-5.13;37.07;38.73
2015/05/05 02:00;239922.998150950180;251700.966401201790;6191;2015;5;May;2015/05/01;5;3;Tue;Weekday;38.75;40.66;-11777.97;-4.91;-1.90;-4.91;37.07;38.60
2015/05/06 02:00;224994.195070155430;242259.859539666210;5959;2015;5;May;2015/05/01;6;4;Wed;Weekday;37.76;40.65;-17265.66;-7.67;-2.90;-7.67;37.07;38.61
2015/05/07 02:00;117197.971729903690;115769.086327881440;2848;2015;5;May;2015/05/01;7;5;Thu;Weekday;41.15;40.65;1428.89;1.22;0.50;1.22;37.07;38.47
2015/05/08 02:00;330589.199812859700;355565.041734477680;8748;2015;5;May;2015/05/01;8;6;Fri;Weekday;37.79;40.65;-24975.84;-7.55;-2.86;-7.55;37.07;38.44
2015/05/09 02:00;389972.119755710010;419827.136522226500;10329;2015;5;May;2015/05/01;9;7;Sat;Weekday;37.76;40.65;-29855.02;-7.66;-2.89;-7.66;37.07;38.30
2015/05/10 02:00;166536.000263570280;179243.051833399860;4410;2015;5;May;2015/05/01;10;1;Sun;Weekday;37.76;40.64;-12707.05;-7.63;-2.88;-7.63;37.07;38.27
2015/05/11 02:00;198442.912653827890;213676.428425930240;5257;2015;5;May;2015/05/01;11;2;Mon;Weekday;37.75;40.65;-15233.52;-7.68;-2.90;-7.68;37.07;38.27
2015/05/12 02:00;193182.150552712760;208039.173445554770;5118;2015;5;May;2015/05/01;12;3;Tue;Weekday;37.75;40.65;-14857.02;-7.69;-2.90;-7.69;37.07;38.24
2015/05/13 02:00;166403.126995822730;179221.572293639970;4410;2015;5;May;2015/05/01;13;4;Wed;Weekday;37.73;40.64;-12818.45;-7.70;-2.91;-7.70;37.07;38.21
2015/05/14 02:00;149178.601481033950;160620.207140872900;3952;2015;5;May;2015/05/01;14;5;Thu;Weekday;37.75;40.64;-11441.61;-7.67;-2.90;-7.67;37.07;38.18
2015/05/15 02:00;380592.577583427250;409812.432663688610;10084;2015;5;May;2015/05/01;15;6;Fri;Weekday;37.74;40.64;-29219.86;-7.68;-2.90;-7.68;37.07;38.15
2015/05/16 02:00;413700.178932341220;445569.719107405220;10964;2015;5;May;2015/05/01;16;7;Sat;Weekday;37.73;40.64;-31869.54;-7.70;-2.91;-7.70;37.07;38.12
2015/05/17 02:00;177159.673065619080;190811.577944237880;4695;2015;5;May;2015/05/01;17;1;Sun;Weekday;37.73;40.64;-13651.90;-7.71;-2.91;-7.71;37.07;38.09
2015/05/18 02:00;196420.763536847900;211510.786120344880;5205;2015;5;May;2015/05/01;18;2;Mon;Weekday;37.74;40.64;-15090.02;-7.68;-2.90;-7.68;37.07;38.09
2015/05/19 02:00;137940.872163805180;147846.052163396550;3638;2015;5;May;2015/05/01;19;3;Tue;Weekday;37.92;40.64;-9905.18;-7.18;-2.72;-7.18;37.07;38.06
2015/05/20 02:00;166176.283811592730;178568.180480777460;4394;2015;5;May;2015/05/01;20;4;Wed;Weekday;37.82;40.64;-12391.90;-7.46;-2.82;-7.46;37.07;38.04
2015/05/21 02:00;84604.377572639161;81763.267389330111;2012;2015;5;May;2015/05/01;21;5;Thu;Weekday;42.05;40.64;2841.11;3.36;1.41;3.36;37.07;38.00
2015/05/22 02:00;321821.020286760930;346487.520334167410;8526;2015;5;May;2015/05/01;22;6;Fri;Weekday;37.75;40.64;-24666.50;-7.66;-2.89;-7.66;37.07;38.00
2015/05/23 02:00;418715.410649930010;450936.279264294480;11096;2015;5;May;2015/05/01;23;7;Sat;Weekday;37.74;40.64;-32220.87;-7.70;-2.90;-7.70;37.07;37.89
2015/05/24 02:00;169541.265947361530;182419.141441623300;4489;2015;5;May;2015/05/01;24;1;Sun;Weekday;37.77;40.64;-12877.88;-7.60;-2.87;-7.60;37.07;38.03
2015/05/25 02:00;256434.509936074260;276173.792451496700;6795;2015;5;May;2015/05/01;25;2;Mon;Weekday;37.74;40.64;-19739.28;-7.70;-2.90;-7.70;37.07;38.17
2015/05/26 02:00;199385.912414870310;214719.752819220880;5283;2015;5;May;2015/05/01;26;3;Tue;Weekday;37.74;40.64;-15333.84;-7.69;-2.90;-7.69;37.07;38.31
2015/05/27 02:00;243554.224338555450;262251.080079407610;6453;2015;5;May;2015/05/01;27;4;Wed;Weekday;37.74;40.64;-18696.86;-7.68;-2.90;-7.68;37.07;38.44
2015/05/28 02:00;217746.012919846660;234483.417009807310;5770;2015;5;May;2015/05/01;28;5;Thu;Weekday;37.74;40.64;-16737.40;-7.69;-2.90;-7.69;37.07;38.58
2015/05/29 02:00;472160.752109748780;508265.146973741820;12507;2015;5;May;2015/05/01;29;6;Fri;Weekday;37.75;40.64;-36104.39;-7.65;-2.89;-7.65;37.07;38.72
2015/05/30 02:00;546135.462415099030;588250.181150783320;14475;2015;5;May;2015/05/01;30;7;Sat;Weekday;37.73;40.64;-42114.72;-7.71;-2.91;-7.71;37.07;38.86
2015/05/31 02:00;264637.365279710620;284828.659656248750;7009;2015;5;May;2015/05/01;31;1;Sun;Weekday;37.76;40.64;-20191.29;-7.63;-2.88;-7.63;37.07;39.00
2015/06/01 02:00;440905.998705970010;474967.327631214810;11688;2015;6;Jun;2015/06/01;1;2;Mon;Weekday;37.72;40.64;-34061.33;-7.73;-2.91;-7.73;37.07;39.13
2015/06/02 02:00;334318.897833152090;360168.827077008030;8863;2015;6;Jun;2015/06/01;2;3;Tue;Weekday;37.72;40.64;-25849.93;-7.73;-2.92;-7.73;37.07;39.27
2015/06/03 02:00;269835.828626803010;290492.106280322420;7148;2015;6;Jun;2015/06/01;3;4;Wed;Weekday;37.75;40.64;-20656.28;-7.66;-2.89;-7.66;37.07;39.41
2015/06/04 02:00;201146.489279830300;216428.500437961020;5326;2015;6;Jun;2015/06/01;4;5;Thu;Weekday;37.77;40.64;-15282.01;-7.60;-2.87;-7.60;37.07;39.54
2015/06/05 02:00;293461.083938185770;315937.862196593720;7775;2015;6;Jun;2015/06/01;5;6;Fri;Weekday;37.74;40.64;-22476.78;-7.66;-2.89;-7.66;37.07;39.68
2015/06/06 02:00;349413.009820467270;376094.721805832700;9255;2015;6;Jun;2015/06/01;6;7;Sat;Weekday;37.75;40.64;-26681.71;-7.64;-2.88;-7.64;37.07;39.68
2015/06/07 02:00;179602.915163190310;193348.591446228910;4758;2015;6;Jun;2015/06/01;7;1;Sun;Weekday;37.75;40.64;-13745.68;-7.65;-2.89;-7.65;37.07;39.82
2015/06/08 02:00;109810.545675718070;106166.081621257810;2613;2015;6;Jun;2015/06/01;8;2;Mon;Weekday;42.02;40.63;3644.46;3.32;1.39;3.32;37.07;39.96
2015/06/09 02:00;76956.920353649635;74212.790574549421;1830;2015;6;Jun;2015/06/01;9;3;Tue;Weekday;42.05;40.55;2744.13;3.57;1.50;3.57;37.07;39.96
2015/06/10 02:00;71199.588402039517;68669.394963916289;1694;2015;6;Jun;2015/06/01;10;4;Wed;Weekday;42.03;40.54;2530.19;3.55;1.49;3.55;37.07;39.96
2015/06/11 02:00;68988.346670324769;66539.165195767971;1642;2015;6;Jun;2015/06/01;11;5;Thu;Weekday;42.01;40.52;2449.18;3.55;1.49;3.55;37.07;39.96
2015/06/12 02:00;155156.879228006380;149423.243580906680;3690;2015;6;Jun;2015/06/01;12;6;Fri;Weekday;42.05;40.49;5733.64;3.70;1.55;3.70;37.07;39.96
2015/06/13 02:00;185109.523146013930;178347.369376849000;4404;2015;6;Jun;2015/06/01;13;7;Sat;Weekday;42.03;40.50;6762.15;3.65;1.54;3.65;37.07;39.96
2015/06/14 02:00;83779.544010808924;80659.821812082024;1992;2015;6;Jun;2015/06/01;14;1;Sun;Weekday;42.06;40.49;3119.72;3.72;1.57;3.72;37.07;39.96
2015/06/15 02:00;149501.574530757590;143962.871892901920;3557;2015;6;Jun;2015/06/01;15;2;Mon;Weekday;42.03;40.47;5538.70;3.70;1.56;3.70;37.07;39.96
2015/06/16 02:00;100477.296792603670;96810.103581569099;2395;2015;6;Jun;2015/06/01;16;3;Tue;Weekday;41.95;40.42;3667.19;3.65;1.53;3.65;37.07;39.96
2015/06/17 02:00;89072.705347079172;85639.307745994563;2120;2015;6;Jun;2015/06/01;17;4;Wed;Weekday;42.02;40.40;3433.40;3.85;1.62;3.85;37.07;39.96
2015/06/18 02:00;78746.595857519525;75673.781987415670;1875;2015;6;Jun;2015/06/01;18;5;Thu;Weekday;42.00;40.36;3072.81;3.90;1.64;3.90;37.07;39.97
2015/06/19 02:00;141913.382429546360;136017.750393757280;3376;2015;6;Jun;2015/06/01;19;6;Fri;Weekday;42.04;40.29;5895.63;4.15;1.75;4.15;37.07;39.97
2015/06/20 02:00;169304.278283515160;162287.909224823990;4027;2015;6;Jun;2015/06/01;20;7;Sat;Weekday;42.04;40.30;7016.37;4.14;1.74;4.14;37.07;39.97
2015/06/21 02:00;89512.242836068428;85781.807031229662;2128;2015;6;Jun;2015/06/01;21;1;Sun;Weekday;42.06;40.31;3730.44;4.17;1.75;4.17;37.07;39.97
2015/06/22 02:00;85984.075339139163;82427.231536907115;2046;2015;6;Jun;2015/06/01;22;2;Mon;Weekday;42.03;40.29;3556.84;4.14;1.74;4.14;37.07;39.97
2015/06/23 02:00;64956.462075899639;62169.777124857188;1546;2015;6;Jun;2015/06/01;23;3;Tue;Weekday;42.02;40.21;2786.68;4.29;1.80;4.29;37.07;40.04
2015/06/24 02:00;106613.432835478540;113428.474274667390;2822;2015;6;Jun;2015/06/01;24;4;Wed;Weekday;37.78;40.19;-6815.04;-6.39;-2.41;-6.39;37.07;39.96
2015/06/25 02:00;183843.817295242740;195365.730719942800;4865;2015;6;Jun;2015/06/01;25;5;Thu;Weekday;37.79;40.16;-11521.91;-6.27;-2.37;-6.27;37.07;39.88
2015/06/26 02:00;319579.794094355720;339241.691802456630;8450;2015;6;Jun;2015/06/01;26;6;Fri;Weekday;37.82;40.15;-19661.90;-6.15;-2.33;-6.15;37.07;39.80
2015/06/27 02:00;369245.758706649710;392017.973450986610;9770;2015;6;Jun;2015/06/01;27;7;Sat;Weekday;37.79;40.12;-22772.21;-6.17;-2.33;-6.17;37.07;39.71
2015/06/28 02:00;185648.491096730310;197095.108742969430;4914;2015;6;Jun;2015/06/01;28;1;Sun;Weekday;37.78;40.11;-11446.62;-6.17;-2.33;-6.17;37.07;39.62
2015/06/29 02:00;165557.761783852740;175871.110920522590;4385;2015;6;Jun;2015/06/01;29;2;Mon;Weekday;37.76;40.11;-10313.35;-6.23;-2.35;-6.23;37.07;39.53
2015/06/30 02:00;212465.083204941500;225678.934525301910;5627;2015;6;Jun;2015/06/01;30;3;Tue;Weekday;37.76;40.11;-13213.85;-6.22;-2.35;-6.22;37.07;39.43
2015/07/01 02:00;305231.908086358160;324248.841491340080;8086;2015;7;Jul;2015/07/01;1;4;Wed;Weekday;37.75;40.10;-19016.93;-6.23;-2.35;-6.23;37.07;39.33
2015/07/02 02:00;250481.617657244230;266061.928358540640;6639;2015;7;Jul;2015/07/01;2;5;Thu;Weekday;37.73;40.08;-15580.31;-6.22;-2.35;-6.22;37.07;39.23
2015/07/03 02:00;268410.480702009400;284592.994661231870;7104;2015;7;Jul;2015/07/01;3;6;Fri;Weekday;37.78;40.06;-16182.51;-6.03;-2.28;-6.03;37.07;39.13
2015/07/04 02:00;316365.498738392080;335025.076360126380;8364;2015;7;Jul;2015/07/01;4;7;Sat;Weekday;37.82;40.06;-18659.58;-5.90;-2.23;-5.90;37.07;39.04
2015/07/05 02:00;156873.043658263950;165968.624501639570;4146;2015;7;Jul;2015/07/01;5;1;Sun;Weekday;37.84;40.03;-9095.58;-5.80;-2.19;-5.80;37.07;38.95
2015/07/06 02:00;173987.751540801520;184188.978976354880;4601;2015;7;Jul;2015/07/01;6;2;Mon;Weekday;37.82;40.03;-10201.23;-5.86;-2.22;-5.86;37.07;38.85
2015/07/07 02:00;135753.766042096370;143799.598687529390;3593;2015;7;Jul;2015/07/01;7;3;Tue;Weekday;37.78;40.02;-8045.83;-5.93;-2.24;-5.93;37.07;38.74
2015/07/08 02:00;84426.509412029525;84588.963035420922;2114;2015;7;Jul;2015/07/01;8;4;Wed;Weekday;39.94;40.01;-162.45;-0.19;-0.08;-0.19;37.07;38.63
2015/07/09 02:00;70815.190285530247;71913.068580605148;1797;2015;7;Jul;2015/07/01;9;5;Thu;Weekday;39.41;40.02;-1097.88;-1.55;-0.61;-1.55;37.07;38.52
2015/07/10 02:00;125983.151753546360;127884.587244448370;3195;2015;7;Jul;2015/07/01;10;6;Fri;Weekday;39.43;40.03;-1901.44;-1.51;-0.60;-1.51;37.07;38.55
2015/07/11 02:00;142378.184041226370;143924.565119037580;3595;2015;7;Jul;2015/07/01;11;7;Sat;Weekday;39.60;40.03;-1546.38;-1.09;-0.43;-1.09;37.07;38.58
2015/07/12 02:00;57427.680707010128;58723.040531751663;1467;2015;7;Jul;2015/07/01;12;1;Sun;Weekday;39.15;40.03;-1295.36;-2.26;-0.88;-2.26;37.07;38.61
2015/07/13 02:00;63331.331002230370;64690.059069980809;1610;2015;7;Jul;2015/07/01;13;2;Mon;Weekday;39.34;40.18;-1358.73;-2.15;-0.84;-2.15;37.07;38.64
2015/07/14 02:00;51241.028553300370;52509.916219996157;1307;2015;7;Jul;2015/07/01;14;3;Tue;Weekday;39.21;40.18;-1268.89;-2.48;-0.97;-2.48;37.07;38.67
2015/07/15 02:00;80326.440809250256;81730.270702131005;2050;2015;7;Jul;2015/07/01;15;4;Wed;Weekday;39.18;39.87;-1403.83;-1.75;-0.68;-1.75;37.07;38.70
2015/07/16 02:00;71912.565728060246;73762.629173268782;1849;2015;7;Jul;2015/07/01;16;5;Thu;Weekday;38.89;39.89;-1850.06;-2.57;-1.00;-2.57;37.07;38.74
2015/07/17 02:00;119204.309534746370;122669.699427925310;3070;2015;7;Jul;2015/07/01;17;6;Fri;Weekday;38.83;39.96;-3465.39;-2.91;-1.13;-2.91;37.07;38.77
2015/07/18 02:00;129441.278656736380;132493.431520893730;3322;2015;7;Jul;2015/07/01;18;7;Sat;Weekday;38.96;39.88;-3052.15;-2.36;-0.92;-2.36;37.07;38.82
2015/07/19 02:00;77645.749935120242;79555.634736242340;1982;2015;7;Jul;2015/07/01;19;1;Sun;Weekday;39.18;40.14;-1909.88;-2.46;-0.96;-2.46;37.07;38.86
2015/07/20 02:00;69926.650362450004;71362.517838136861;1787;2015;7;Jul;2015/07/01;20;2;Mon;Weekday;39.13;39.93;-1435.87;-2.05;-0.80;-2.05;37.07;38.89
2015/07/21 02:00;71973.044300340131;73851.788398734730;1846;2015;7;Jul;2015/07/01;21;3;Tue;Weekday;38.99;40.01;-1878.74;-2.61;-1.02;-2.61;37.07;38.92
2015/07/22 02:00;44304.898362210246;45468.836976009428;1142;2015;7;Jul;2015/07/01;22;4;Wed;Weekday;38.80;39.82;-1163.94;-2.63;-1.02;-2.63;37.07;38.94
2015/07/23 02:00;66799.723730490499;69323.647871911555;1734;2015;7;Jul;2015/07/01;23;5;Thu;Weekday;38.52;39.98;-2523.92;-3.78;-1.46;-3.78;37.07;38.98
2015/07/24 02:00;125689.592840906360;130428.226395116830;3259;2015;7;Jul;2015/07/01;24;6;Fri;Weekday;38.57;40.02;-4738.63;-3.77;-1.45;-3.77;37.07;38.95
2015/07/25 02:00;138624.945003635160;143537.395218836380;3572;2015;7;Jul;2015/07/01;25;7;Sat;Weekday;38.81;40.18;-4912.45;-3.54;-1.38;-3.54;37.07;38.93
2015/07/26 02:00;81715.045331780377;85089.223430056940;2109;2015;7;Jul;2015/07/01;26;1;Sun;Weekday;38.75;40.35;-3374.18;-4.13;-1.60;-4.13;37.07;38.91
2015/07/27 02:00;86842.861357880131;90242.794097153615;2242;2015;7;Jul;2015/07/01;27;2;Mon;Weekday;38.73;40.25;-3399.93;-3.92;-1.52;-3.92;37.07;38.87
2015/07/28 02:00;56976.785283900375;59094.076857821434;1474;2015;7;Jul;2015/07/01;28;3;Tue;Weekday;38.65;40.09;-2117.29;-3.72;-1.44;-3.72;37.07;38.84
2015/07/29 02:00;53433.668027530373;55516.525562079609;1381;2015;7;Jul;2015/07/01;29;4;Wed;Weekday;38.69;40.20;-2082.86;-3.90;-1.51;-3.90;37.07;38.80
2015/07/30 02:00;55134.081818380364;57064.750696012437;1423;2015;7;Jul;2015/07/01;30;5;Thu;Weekday;38.74;40.10;-1930.67;-3.50;-1.36;-3.50;37.07;38.77
2015/07/31 02:00;145033.610792665160;149876.873282040150;3740;2015;7;Jul;2015/07/01;31;6;Fri;Weekday;38.78;40.07;-4843.26;-3.34;-1.29;-3.34;37.07;38.74
2015/08/01 02:00;173306.906489942750;178699.975875099450;4453;2015;8;Aug;2015/08/01;1;7;Sat;Weekday;38.92;40.13;-5393.07;-3.11;-1.21;-3.11;37.07;38.71
2015/08/02 02:00;88154.338712390003;90828.661699823351;2258;2015;8;Aug;2015/08/01;2;1;Sun;Weekday;39.04;40.23;-2674.32;-3.03;-1.18;-3.03;37.07;38.69
2015/08/03 02:00;81142.027847790378;83114.576809338410;2074;2015;8;Aug;2015/08/01;3;2;Mon;Weekday;39.12;40.07;-1972.55;-2.43;-0.95;-2.43;37.07;38.66
2015/08/04 02:00;77672.882777740495;80417.746442173302;2007;2015;8;Aug;2015/08/01;4;3;Tue;Weekday;38.70;40.07;-2744.86;-3.53;-1.37;-3.53;37.07;38.64
2015/08/05 02:00;75483.422554300487;78024.284675030634;1948;2015;8;Aug;2015/08/01;5;4;Wed;Weekday;38.75;40.05;-2540.86;-3.37;-1.30;-3.37;37.07;38.62
2015/08/06 02:00;74354.570102040496;76978.305238407411;1922;2015;8;Aug;2015/08/01;6;5;Thu;Weekday;38.69;40.05;-2623.74;-3.53;-1.37;-3.53;37.07;38.59
2015/08/07 02:00;120326.876292697950;123707.761573166960;3088;2015;8;Aug;2015/08/01;7;6;Fri;Weekday;38.97;40.06;-3380.89;-2.81;-1.09;-2.81;37.07;38.57
2015/08/08 02:00;131867.993504016370;135721.426030330970;3388;2015;8;Aug;2015/08/01;8;7;Sat;Weekday;38.92;40.06;-3853.43;-2.92;-1.14;-2.92;37.07;38.58
2015/08/09 02:00;75504.002742620491;77978.694471478811;1944;2015;8;Aug;2015/08/01;9;1;Sun;Weekday;38.84;40.11;-2474.69;-3.28;-1.27;-3.28;37.07;38.59
2015/08/10 02:00;69968.077699080488;72665.725527117203;1812;2015;8;Aug;2015/08/01;10;2;Mon;Weekday;38.61;40.10;-2697.65;-3.86;-1.49;-3.86;37.07;38.45
2015/08/11 02:00;60187.149047280371;62538.493277924979;1563;2015;8;Aug;2015/08/01;11;3;Tue;Weekday;38.51;40.01;-2351.34;-3.91;-1.50;-3.91;37.07;38.30
2015/08/12 02:00;44698.700751095246;46849.567146474845;1171;2015;8;Aug;2015/08/01;12;4;Wed;Weekday;38.17;40.01;-2150.87;-4.81;-1.84;-4.81;37.07;38.16
2015/08/13 02:00;39463.409059930251;41414.418370139814;1035;2015;8;Aug;2015/08/01;13;5;Thu;Weekday;38.13;40.01;-1951.01;-4.94;-1.89;-4.94;37.07;38.01
2015/08/14 02:00;85794.096902620251;89898.894227499957;2247;2015;8;Aug;2015/08/01;14;6;Fri;Weekday;38.18;40.01;-4104.80;-4.78;-1.83;-4.78;37.07;37.87
2015/08/15 02:00;117288.010053801730;122504.357202297180;3068;2015;8;Aug;2015/08/01;15;7;Sat;Weekday;38.23;39.93;-5216.35;-4.45;-1.70;-4.45;37.07;37.72
2015/08/16 02:00;71056.061003780487;74589.172866250257;1866;2015;8;Aug;2015/08/01;16;1;Sun;Weekday;38.08;39.97;-3533.11;-4.97;-1.89;-4.97;37.07;37.58
2015/08/17 02:00;64394.074453330373;67505.254139283716;1690;2015;8;Aug;2015/08/01;17;2;Mon;Weekday;38.10;39.94;-3111.18;-4.83;-1.84;-4.83;37.07;37.42
2015/08/18 02:00;35165.972082725246;36841.967322813805;922;2015;8;Aug;2015/08/01;18;3;Tue;Weekday;38.14;39.96;-1676.00;-4.77;-1.82;-4.77;37.07;37.27
2015/08/19 02:00;23234.183195130125;24104.085977912528;604;2015;8;Aug;2015/08/01;19;4;Wed;Weekday;38.47;39.91;-869.90;-3.74;-1.44;-3.74;37.07;37.11
2015/08/20 02:00;24754.957181800124;25407.174070346187;643;2015;8;Aug;2015/08/01;20;5;Thu;Weekday;38.50;39.51;-652.22;-2.63;-1.01;-2.63;37.07;36.97
2015/08/21 02:00;76691.283029055499;78691.956315552306;2006;2015;8;Aug;2015/08/01;21;6;Fri;Weekday;38.23;39.23;-2000.67;-2.61;-1.00;-2.61;37.07;36.82
2015/08/22 02:00;102231.211792357820;104713.007499776450;2677;2015;8;Aug;2015/08/01;22;7;Sat;Weekday;38.19;39.12;-2481.80;-2.43;-0.93;-2.43;37.07;36.68
2015/08/23 02:00;56974.868025790369;57548.985153409623;1467;2015;8;Aug;2015/08/01;23;1;Sun;Weekday;38.84;39.23;-574.12;-1.01;-0.39;-1.01;37.07;36.53
2015/08/24 02:00;59442.731115165370;59785.428614563789;1528;2015;8;Aug;2015/08/01;24;2;Mon;Weekday;38.90;39.13;-342.70;-0.58;-0.22;-0.58;37.07;36.52
2015/08/25 02:00;217683.362264025030;246975.730765643120;6360;2015;8;Aug;2015/08/01;25;3;Tue;Weekday;34.23;38.83;-29292.37;-13.46;-4.61;-13.46;37.07;36.52
2015/08/26 02:00;275458.806896196100;307092.274379028240;8035;2015;8;Aug;2015/08/01;26;4;Wed;Weekday;34.28;38.22;-31633.47;-11.48;-3.94;-11.48;37.07;36.54
2015/08/27 02:00;228731.865486527440;252845.445553576660;6675;2015;8;Aug;2015/08/01;27;5;Thu;Weekday;34.27;37.88;-24113.58;-10.54;-3.61;-10.54;37.07;36.56
2015/08/28 02:00;387639.119999521990;426783.302218144120;11330;2015;8;Aug;2015/08/01;28;6;Fri;Weekday;34.21;37.67;-39144.18;-10.10;-3.45;-10.10;37.07;36.59
2015/08/29 02:00;461188.004851734790;504578.188757226510;13484;2015;8;Aug;2015/08/01;29;7;Sat;Weekday;34.20;37.42;-43390.18;-9.41;-3.22;-9.41;37.07;36.63
2015/08/30 02:00;202249.677169425010;220152.186753958230;5913;2015;8;Aug;2015/08/01;30;1;Sun;Weekday;34.20;37.23;-17902.51;-8.85;-3.03;-8.85;37.07;36.66
2015/08/31 02:00;332559.764979085940;361970.285938652000;9721;2015;8;Aug;2015/08/01;31;2;Mon;Weekday;34.21;37.24;-29410.52;-8.84;-3.03;-8.84;37.07;36.69
2015/09/01 02:00;384806.771581978420;418101.597548360300;11257;2015;9;Sep;2015/09/01;1;3;Tue;Weekday;34.18;37.14;-33294.83;-8.65;-2.96;-8.65;37.07;36.72
2015/09/02 02:00;345776.250280375940;373816.168400634310;10102;2015;9;Sep;2015/09/01;2;4;Wed;Weekday;34.23;37.00;-28039.92;-8.11;-2.78;-8.11;37.07;36.76
2015/09/03 02:00;271551.095100756090;293343.873973562210;7938;2015;9;Sep;2015/09/01;3;5;Thu;Weekday;34.21;36.95;-21792.78;-8.03;-2.75;-8.03;37.07;36.79
2015/09/04 02:00;340440.205462085670;366359.658592484540;9936;2015;9;Sep;2015/09/01;4;6;Fri;Weekday;34.26;36.87;-25919.45;-7.61;-2.61;-7.61;37.07;36.81
2015/09/05 02:00;364416.731582138110;392128.301265168640;10643;2015;9;Sep;2015/09/01;5;7;Sat;Weekday;34.24;36.84;-27711.57;-7.60;-2.60;-7.60;37.07;36.82
2015/09/06 02:00;164719.604491615170;176647.842651849180;4800;2015;9;Sep;2015/09/01;6;1;Sun;Weekday;34.32;36.80;-11928.24;-7.24;-2.49;-7.24;37.07;36.86
2015/09/07 02:00;178921.099348736370;192507.528732489390;5228;2015;9;Sep;2015/09/01;7;2;Mon;Weekday;34.22;36.82;-13586.43;-7.59;-2.60;-7.59;37.07;36.90
2015/09/08 02:00;70286.997810770496;66639.698052811495;1810;2015;9;Sep;2015/09/01;8;3;Tue;Weekday;38.83;36.82;3647.30;5.19;2.02;5.19;37.07;36.73
2015/09/09 02:00;76013.677901710485;72211.103174650692;1961;2015;9;Sep;2015/09/01;9;4;Wed;Weekday;38.76;36.82;3802.57;5.00;1.94;5.00;37.07;36.55
2015/09/10 02:00;48406.787146740244;45316.542733610833;1232;2015;9;Sep;2015/09/01;10;5;Thu;Weekday;39.29;36.78;3090.24;6.38;2.51;6.38;37.07;36.52
2015/09/11 02:00;85940.026940790005;81559.845623271962;2194;2015;9;Sep;2015/09/01;11;6;Fri;Weekday;39.17;37.17;4380.18;5.10;2.00;5.10;37.07;36.49
2015/09/12 02:00;57381.751454185367;54340.891509322864;1469;2015;9;Sep;2015/09/01;12;7;Sat;Weekday;39.06;36.99;3040.86;5.30;2.07;5.30;37.07;36.46
2015/09/13 02:00;32479.796394255125;30763.688117313315;829;2015;9;Sep;2015/09/01;13;1;Sun;Weekday;39.18;37.11;1716.11;5.28;2.07;5.28;37.07;36.44
2015/09/14 02:00;52160.183933415370;49656.007748568794;1329;2015;9;Sep;2015/09/01;14;2;Mon;Weekday;39.25;37.36;2504.18;4.80;1.88;4.80;37.07;36.41
2015/09/15 02:00;51002.839569495241;48601.967504707296;1300;2015;9;Sep;2015/09/01;15;3;Tue;Weekday;39.23;37.39;2400.87;4.71;1.85;4.71;37.07;36.38
2015/09/16 02:00;30194.715956215121;28605.460797613814;773;2015;9;Sep;2015/09/01;16;4;Wed;Weekday;39.06;37.01;1589.26;5.26;2.06;5.26;37.07;36.35
2015/09/17 02:00;29751.222605555122;28084.235128364078;760;2015;9;Sep;2015/09/01;17;5;Thu;Weekday;39.15;36.95;1666.99;5.60;2.19;5.60;37.07;36.33
2015/09/18 02:00;68504.639437535370;64881.975648256928;1755;2015;9;Sep;2015/09/01;18;6;Fri;Weekday;39.03;36.97;3622.66;5.29;2.06;5.29;37.07;36.31
2015/09/19 02:00;68996.561757290488;65211.571770941220;1766;2015;9;Sep;2015/09/01;19;7;Sat;Weekday;39.07;36.93;3784.99;5.49;2.14;5.49;37.07;36.28
2015/09/20 02:00;41855.928759400245;39629.451872277546;1078;2015;9;Sep;2015/09/01;20;1;Sun;Weekday;38.83;36.76;2226.48;5.32;2.07;5.32;37.07;36.25
2015/09/21 02:00;44303.466485900244;41485.458718801405;1124;2015;9;Sep;2015/09/01;21;2;Mon;Weekday;39.42;36.91;2818.01;6.36;2.51;6.36;37.07;36.22
2015/09/22 02:00;46599.298130810246;43806.732010435910;1182;2015;9;Sep;2015/09/01;22;3;Tue;Weekday;39.42;37.06;2792.57;5.99;2.36;5.99;37.07;36.39
2015/09/23 02:00;125182.757165347580;138583.837816216400;3725;2015;9;Sep;2015/09/01;23;4;Wed;Weekday;33.61;37.20;-13401.08;-10.71;-3.60;-10.71;37.07;36.55
2015/09/24 02:00;150036.805041617600;167704.855406773740;4492;2015;9;Sep;2015/09/01;24;5;Thu;Weekday;33.40;37.33;-17668.05;-11.78;-3.93;-11.78;37.07;36.57
2015/09/25 02:00;368037.691944658810;413540.807164328000;11030;2015;9;Sep;2015/09/01;25;6;Fri;Weekday;33.37;37.49;-45503.12;-12.36;-4.13;-12.36;37.07;36.59
2015/09/26 02:00;351319.638069080010;397626.585058455590;10528;2015;9;Sep;2015/09/01;26;7;Sat;Weekday;33.37;37.77;-46306.95;-13.18;-4.40;-13.18;37.07;36.60
2015/09/27 02:00;163289.936668803940;185404.044010510140;4895;2015;9;Sep;2015/09/01;27;1;Sun;Weekday;33.36;37.88;-22114.11;-13.54;-4.52;-13.54;37.07;36.61
2015/09/28 02:00;190892.458987576360;216571.059521462130;5720;2015;9;Sep;2015/09/01;28;2;Mon;Weekday;33.37;37.86;-25678.60;-13.45;-4.49;-13.45;37.07;36.62
2015/09/29 02:00;143082.133265767600;162929.018472352790;4288;2015;9;Sep;2015/09/01;29;3;Tue;Weekday;33.37;38.00;-19846.89;-13.87;-4.63;-13.87;37.07;36.63
2015/09/30 02:00;323548.785342068760;368434.885908864900;9693;2015;9;Sep;2015/09/01;30;4;Wed;Weekday;33.38;38.01;-44886.10;-13.87;-4.63;-13.87;37.07;36.63
2015/10/01 02:00;402312.333158946540;459285.804526006740;12065;2015;10;Oct;2015/10/01;1;5;Thu;Weekday;33.35;38.07;-56973.47;-14.16;-4.72;-14.16;37.07;36.64
2015/10/02 02:00;393635.174854893990;448390.965761974160;11758;2015;10;Oct;2015/10/01;2;6;Fri;Weekday;33.48;38.13;-54755.79;-13.91;-4.66;-13.91;37.07;36.65
2015/10/03 02:00;451100.060076856990;515549.389916234010;13508;2015;10;Oct;2015/10/01;3;7;Sat;Weekday;33.40;38.17;-64449.33;-14.29;-4.77;-14.29;37.07;36.66
2015/10/04 02:00;202902.624901325180;232360.327155489420;6085;2015;10;Oct;2015/10/01;4;1;Sun;Weekday;33.34;38.19;-29457.70;-14.52;-4.84;-14.52;37.07;36.67
2015/10/05 02:00;294557.646366223810;336897.922400405510;8828;2015;10;Oct;2015/10/01;5;2;Mon;Weekday;33.37;38.16;-42340.28;-14.37;-4.80;-14.37;37.07;36.68
2015/10/06 02:00;221618.328247530150;253291.062286082980;6636;2015;10;Oct;2015/10/01;6;3;Tue;Weekday;33.40;38.17;-31672.73;-14.29;-4.77;-14.29;37.07;36.70
2015/10/07 02:00;63968.382480185370;61942.842677746637;1622;2015;10;Oct;2015/10/01;7;4;Wed;Weekday;39.44;38.19;2025.54;3.17;1.25;3.17;37.07;36.70
2015/10/08 02:00;59609.544705280372;57736.476659462984;1512;2015;10;Oct;2015/10/01;8;5;Thu;Weekday;39.42;38.19;1873.07;3.14;1.24;3.14;37.07;36.62
2015/10/09 02:00;126588.252974516380;122622.363114790380;3211;2015;10;Oct;2015/10/01;9;6;Fri;Weekday;39.42;38.19;3965.89;3.13;1.24;3.13;37.07;36.72
2015/10/10 02:00;119755.011590480880;116003.686913625410;3037;2015;10;Oct;2015/10/01;10;7;Sat;Weekday;39.43;38.20;3751.32;3.13;1.24;3.13;37.07;36.84
2015/10/11 02:00;57413.410482090374;55617.584643929717;1456;2015;10;Oct;2015/10/01;11;1;Sun;Weekday;39.43;38.20;1795.83;3.13;1.23;3.13;37.07;36.95
2015/10/12 02:00;57749.136938605370;55933.008575846157;1465;2015;10;Oct;2015/10/01;12;2;Mon;Weekday;39.42;38.18;1816.13;3.14;1.24;3.14;37.07;37.06
2015/10/13 02:00;40140.820034555240;38881.088441786422;1018;2015;10;Oct;2015/10/01;13;3;Tue;Weekday;39.43;38.19;1259.73;3.14;1.24;3.14;37.07;37.12
2015/10/14 02:00;42195.817364850249;40869.249472267060;1070;2015;10;Oct;2015/10/01;14;4;Wed;Weekday;39.44;38.20;1326.57;3.14;1.24;3.14;37.07;37.23
2015/10/15 02:00;53490.797465390366;51799.165903400812;1357;2015;10;Oct;2015/10/01;15;5;Thu;Weekday;39.42;38.17;1691.63;3.16;1.25;3.16;37.07;37.34
2015/10/16 02:00;110809.315805577450;107331.980515122880;2810;2015;10;Oct;2015/10/01;16;6;Fri;Weekday;39.43;38.20;3477.34;3.14;1.24;3.14;37.07;37.40
2015/10/17 02:00;111527.013469602580;108023.607343921280;2829;2015;10;Oct;2015/10/01;17;7;Sat;Weekday;39.42;38.18;3503.41;3.14;1.24;3.14;37.07;37.51
2015/10/18 02:00;59808.138668750369;57937.458655969502;1517;2015;10;Oct;2015/10/01;18;1;Sun;Weekday;39.43;38.19;1870.68;3.13;1.23;3.13;37.07;37.62
2015/10/19 02:00;55166.226228085376;53436.897092784871;1399;2015;10;Oct;2015/10/01;19;2;Mon;Weekday;39.43;38.20;1729.33;3.13;1.24;3.13;37.07;37.73
2015/10/20 02:00;42054.680471955246;40736.150475592272;1067;2015;10;Oct;2015/10/01;20;3;Tue;Weekday;39.41;38.18;1318.53;3.14;1.24;3.14;37.07;37.79
2015/10/21 02:00;53678.179109280245;51999.860868195567;1361;2015;10;Oct;2015/10/01;21;4;Wed;Weekday;39.44;38.21;1678.32;3.13;1.23;3.13;37.07;37.90
2015/10/22 02:00;55930.168643105368;54177.690061877336;1419;2015;10;Oct;2015/10/01;22;5;Thu;Weekday;39.42;38.18;1752.48;3.13;1.24;3.13;37.07;38.01
2015/10/23 02:00;185771.001463063640;192527.011009922800;5042;2015;10;Oct;2015/10/01;23;6;Fri;Weekday;36.84;38.18;-6756.01;-3.64;-1.34;-3.64;37.07;37.87
2015/10/24 02:00;253116.913198540160;262409.569422916220;6872;2015;10;Oct;2015/10/01;24;7;Sat;Weekday;36.83;38.19;-9292.66;-3.67;-1.35;-3.67;37.07;37.79
2015/10/25 02:00;118618.453702152920;122915.267016988420;3218;2015;10;Oct;2015/10/01;25;1;Sun;Weekday;36.86;38.20;-4296.81;-3.62;-1.34;-3.62;37.07;37.82
2015/10/26 02:00;123320.784042373650;128133.778608871290;3347;2015;10;Oct;2015/10/01;26;2;Mon;Weekday;36.85;38.28;-4812.99;-3.90;-1.44;-3.90;37.07;37.68
2015/10/27 02:00;117051.277215402680;122175.000272701830;3177;2015;10;Oct;2015/10/01;27;3;Tue;Weekday;36.84;38.46;-5123.72;-4.38;-1.61;-4.38;37.07;37.54
2015/10/28 02:00;159299.989061900180;174699.076723810260;4532;2015;10;Oct;2015/10/01;28;4;Wed;Weekday;35.15;38.55;-15399.09;-9.67;-3.40;-9.67;37.07;37.40
2015/10/29 02:00;119047.409867902930;124349.265489295880;3231;2015;10;Oct;2015/10/01;29;5;Thu;Weekday;36.85;38.49;-5301.86;-4.45;-1.64;-4.45;37.07;37.26
2015/10/30 02:00;285081.974328435320;297627.690715406320;7731;2015;10;Oct;2015/10/01;30;6;Fri;Weekday;36.88;38.50;-12545.72;-4.40;-1.62;-4.40;37.07;37.12
2015/10/31 02:00;391656.212583571380;429832.834760805530;11148;2015;10;Oct;2015/10/01;31;7;Sat;Weekday;35.13;38.56;-38176.62;-9.75;-3.42;-9.75;37.07;36.98
2015/11/01 02:00;274814.778054850350;287978.174911816550;7459;2015;11;Nov;2015/11/01;1;1;Sun;Weekday;36.84;38.61;-13163.40;-4.79;-1.76;-4.79;37.07;36.84
2015/11/02 02:00;269555.023120967730;281915.192104628950;7316;2015;11;Nov;2015/11/01;2;2;Mon;Weekday;36.84;38.53;-12360.17;-4.59;-1.69;-4.59;37.07;36.70
2015/11/03 02:00;192001.034615148640;201125.775474683730;5211;2015;11;Nov;2015/11/01;3;3;Tue;Weekday;36.85;38.60;-9124.74;-4.75;-1.75;-4.75;37.07;36.56
2015/11/04 02:00;201367.786977001350;220579.995560677050;5731;2015;11;Nov;2015/11/01;4;4;Wed;Weekday;35.14;38.49;-19212.21;-9.54;-3.35;-9.54;37.07;36.42
2015/11/05 02:00;111874.558972952680;116637.034345282970;3036;2015;11;Nov;2015/11/01;5;5;Thu;Weekday;36.85;38.42;-4762.48;-4.26;-1.57;-4.26;37.07;36.29
2015/11/06 02:00;214540.333090847590;223738.432718630730;5822;2015;11;Nov;2015/11/01;6;6;Fri;Weekday;36.85;38.43;-9198.10;-4.29;-1.58;-4.29;37.07;36.15
2015/11/07 02:00;280264.244465276250;306935.160395813520;7987;2015;11;Nov;2015/11/01;7;7;Sat;Weekday;35.09;38.43;-26670.92;-9.52;-3.34;-9.52;37.07;36.01
2015/11/08 02:00;134136.728709949850;140236.303300134810;3640;2015;11;Nov;2015/11/01;8;1;Sun;Weekday;36.85;38.53;-6099.57;-4.55;-1.68;-4.55;37.07;36.15
2015/11/09 02:00;94243.465527933557;89949.304171877258;2338;2015;11;Nov;2015/11/01;9;2;Mon;Weekday;40.31;38.47;4294.16;4.56;1.84;4.56;37.07;36.09
2015/11/10 02:00;131436.197854736380;143823.386440638050;3744;2015;11;Nov;2015/11/01;10;3;Tue;Weekday;35.11;38.41;-12387.19;-9.42;-3.31;-9.42;37.07;36.04
2015/11/11 02:00;147893.941470976370;161665.600554415520;4216;2015;11;Nov;2015/11/01;11;4;Wed;Weekday;35.08;38.35;-13771.66;-9.31;-3.27;-9.31;37.07;35.93
2015/11/12 02:00;140238.390510471390;153481.453397302600;4000;2015;11;Nov;2015/11/01;12;5;Thu;Weekday;35.06;38.37;-13243.06;-9.44;-3.31;-9.44;37.07;35.82
2015/11/13 02:00;358183.774004684990;391310.320684936890;10204;2015;11;Nov;2015/11/01;13;6;Fri;Weekday;35.10;38.35;-33126.55;-9.25;-3.25;-9.25;37.07;35.76
2015/11/14 02:00;377937.138697472630;413010.229045129500;10769;2015;11;Nov;2015/11/01;14;7;Sat;Weekday;35.09;38.35;-35073.09;-9.28;-3.26;-9.28;37.07;35.65
2015/11/15 02:00;168729.962403208950;184673.488505802440;4803;2015;11;Nov;2015/11/01;15;1;Sun;Weekday;35.13;38.45;-15943.53;-9.45;-3.32;-9.45;37.07;35.59
2015/11/16 02:00;177192.569817120180;193615.303704729910;5042;2015;11;Nov;2015/11/01;16;2;Mon;Weekday;35.14;38.40;-16422.73;-9.27;-3.26;-9.27;37.07;35.59
2015/11/17 02:00;152368.749092446380;166625.365017797590;4342;2015;11;Nov;2015/11/01;17;3;Tue;Weekday;35.09;38.38;-14256.62;-9.36;-3.28;-9.36;37.07;35.54
2015/11/18 02:00;147471.804919516380;161402.918699530240;4202;2015;11;Nov;2015/11/01;18;4;Wed;Weekday;35.10;38.41;-13931.11;-9.45;-3.32;-9.45;37.07;35.48
2015/11/19 02:00;145697.151982356390;159317.609394272990;4151;2015;11;Nov;2015/11/01;19;5;Thu;Weekday;35.10;38.38;-13620.46;-9.35;-3.28;-9.35;37.07;35.43
2015/11/20 02:00;301033.986512722450;328965.143264879760;8567;2015;11;Nov;2015/11/01;20;6;Fri;Weekday;35.14;38.40;-27931.16;-9.28;-3.26;-9.28;37.07;35.43
2015/11/21 02:00;309518.072071284870;338720.023625985720;8811;2015;11;Nov;2015/11/01;21;7;Sat;Weekday;35.13;38.44;-29201.95;-9.43;-3.31;-9.43;37.07;35.39
2015/11/22 02:00;152504.631727353930;167600.650935746030;4345;2015;11;Nov;2015/11/01;22;1;Sun;Weekday;35.10;38.57;-15096.02;-9.90;-3.47;-9.90;37.07;35.53
2015/11/23 02:00;79711.583414100489;74375.788707864966;1937;2015;11;Nov;2015/11/01;23;2;Mon;Weekday;41.15;38.40;5335.79;6.69;2.75;6.69;37.07;35.59
2015/11/24 02:00;111021.379113998670;121456.524019197390;3160;2015;11;Nov;2015/11/01;24;3;Tue;Weekday;35.13;38.44;-10435.14;-9.40;-3.30;-9.40;37.07;35.59
2015/11/25 02:00;243161.259233288820;266054.369856792850;6924;2015;11;Nov;2015/11/01;25;4;Wed;Weekday;35.12;38.42;-22893.11;-9.41;-3.31;-9.41;37.07;35.48
2015/11/26 02:00;311443.181231897440;355343.871840907140;9273;2015;11;Nov;2015/11/01;26;5;Thu;Weekday;33.59;38.32;-43900.69;-14.10;-4.73;-14.10;37.07;35.54
2015/11/27 02:00;375876.013421952610;431325.686693676400;11257;2015;11;Nov;2015/11/01;27;6;Fri;Weekday;33.39;38.32;-55449.67;-14.75;-4.93;-14.75;37.07;35.55
2015/11/28 02:00;434639.658995269270;498895.618645355510;13019;2015;11;Nov;2015/11/01;28;7;Sat;Weekday;33.39;38.32;-64255.96;-14.78;-4.94;-14.78;37.07;35.61
2015/11/29 02:00;238637.816355456390;274093.577959119630;7139;2015;11;Nov;2015/11/01;29;1;Sun;Weekday;33.43;38.39;-35455.76;-14.86;-4.97;-14.86;37.07;35.67
2015/11/30 02:00;260653.666963496390;283981.150688644500;7423;2015;11;Nov;2015/11/01;30;2;Mon;Weekday;35.11;38.26;-23327.48;-8.95;-3.14;-8.95;37.07;35.68
2015/12/01 02:00;262394.780018278810;285838.556814769050;7474;2015;12;Dec;2015/12/01;1;3;Tue;Weekday;35.11;38.24;-23443.78;-8.93;-3.14;-8.93;37.07;35.70
2015/12/02 02:00;248437.711301093830;269807.620439097930;7056;2015;12;Dec;2015/12/01;2;4;Wed;Weekday;35.21;38.24;-21369.91;-8.60;-3.03;-8.60;37.07;35.70
2015/12/03 02:00;201048.830461673960;219110.393196454130;5732;2015;12;Dec;2015/12/01;3;5;Thu;Weekday;35.07;38.23;-18061.56;-8.98;-3.15;-8.98;37.07;35.71
2015/12/04 02:00;317690.760936051260;345449.529946860920;9038;2015;12;Dec;2015/12/01;4;6;Fri;Weekday;35.15;38.22;-27758.77;-8.74;-3.07;-8.74;37.07;35.72
2015/12/05 02:00;378527.872617163810;410385.037009372380;10737;2015;12;Dec;2015/12/01;5;7;Sat;Weekday;35.25;38.22;-31857.16;-8.42;-2.97;-8.42;37.07;35.73
2015/12/06 02:00;195425.391079595170;210461.386222489880;5505;2015;12;Dec;2015/12/01;6;1;Sun;Weekday;35.50;38.23;-15036.00;-7.69;-2.73;-7.69;37.07;35.74
2015/12/07 02:00;90441.603368529759;83999.591253936887;2198;2015;12;Dec;2015/12/01;7;2;Mon;Weekday;41.15;38.22;6442.01;7.12;2.93;7.12;37.07;35.75
2015/12/08 02:00;117649.000633012930;121640.379790236550;3190;2015;12;Dec;2015/12/01;8;3;Tue;Weekday;36.88;38.13;-3991.38;-3.39;-1.25;-3.39;37.07;35.94
2015/12/09 02:00;141285.395456713650;145443.046591834220;3814;2015;12;Dec;2015/12/01;9;4;Wed;Weekday;37.04;38.13;-4157.65;-2.94;-1.09;-2.94;37.07;35.94
2015/12/10 02:00;133183.693680193650;137725.876110448090;3610;2015;12;Dec;2015/12/01;10;5;Thu;Weekday;36.89;38.15;-4542.18;-3.41;-1.26;-3.41;37.07;36.13
2015/12/11 02:00;229672.256320392420;237672.016416795700;6227;2015;12;Dec;2015/12/01;11;6;Fri;Weekday;36.88;38.17;-7999.76;-3.48;-1.28;-3.48;37.07;36.32
2015/12/12 02:00;333488.797878820040;359621.074893736860;9422;2015;12;Dec;2015/12/01;12;7;Sat;Weekday;35.39;38.17;-26132.28;-7.84;-2.77;-7.84;37.07;36.56
2015/12/13 02:00;185422.885636103630;191390.401310313290;5014;2015;12;Dec;2015/12/01;13;1;Sun;Weekday;36.98;38.17;-5967.52;-3.22;-1.19;-3.22;37.07;36.81
2015/12/14 02:00;173833.133168423660;179871.053299423740;4715;2015;12;Dec;2015/12/01;14;2;Mon;Weekday;36.87;38.15;-6037.92;-3.47;-1.28;-3.47;37.07;36.87
2015/12/15 02:00;220271.721385245180;237123.343340105170;6212;2015;12;Dec;2015/12/01;15;3;Tue;Weekday;35.46;38.17;-16851.62;-7.65;-2.71;-7.65;37.07;36.92
2015/12/16 02:00;234468.071195286380;251493.908900129780;6585;2015;12;Dec;2015/12/01;16;4;Wed;Weekday;35.61;38.19;-17025.84;-7.26;-2.59;-7.26;37.07;36.92
2015/12/17 02:00;213778.138050305160;230994.355198859910;6051;2015;12;Dec;2015/12/01;17;5;Thu;Weekday;35.33;38.17;-17216.22;-8.05;-2.85;-8.05;37.07;36.92
2015/12/18 02:00;273563.014796293810;295854.552315991950;7750;2015;12;Dec;2015/12/01;18;6;Fri;Weekday;35.30;38.17;-22291.54;-8.15;-2.88;-8.15;37.07;36.92
2015/12/19 02:00;337506.788419220010;362223.160876709210;9490;2015;12;Dec;2015/12/01;19;7;Sat;Weekday;35.56;38.17;-24716.37;-7.32;-2.60;-7.32;37.07;36.92
2015/12/20 02:00;155312.783862166370;167421.973695170890;4382;2015;12;Dec;2015/12/01;20;1;Sun;Weekday;35.44;38.21;-12109.19;-7.80;-2.76;-7.80;37.07;36.92
2015/12/21 02:00;289243.383056197610;312784.974318393560;8196;2015;12;Dec;2015/12/01;21;2;Mon;Weekday;35.29;38.16;-23541.59;-8.14;-2.87;-8.14;37.07;36.91
2015/12/22 02:00;313125.332532517610;338299.617845486330;8863;2015;12;Dec;2015/12/01;22;3;Tue;Weekday;35.33;38.17;-25174.29;-8.04;-2.84;-8.04;37.07;37.09
2015/12/23 02:00;268330.392705015490;249584.215163854360;6534;2015;12;Dec;2015/12/01;23;4;Wed;Weekday;41.07;38.20;18746.18;6.99;2.87;6.99;37.07;37.09
2015/12/24 02:00;392228.137958482260;364396.194248879560;9540;2015;12;Dec;2015/12/01;24;5;Thu;Weekday;41.11;38.20;27831.94;7.10;2.92;7.10;37.07;37.23
2015/12/25 02:00;133728.983728851370;124363.557276609470;3256;2015;12;Dec;2015/12/01;25;6;Fri;Weekday;41.07;38.20;9365.43;7.00;2.88;7.00;37.07;37.36
2015/12/26 02:00;82778.444048310368;76876.492698314294;2013;2015;12;Dec;2015/12/01;26;7;Sat;Weekday;41.12;38.19;5901.95;7.13;2.93;7.13;37.07;37.49
2015/12/27 02:00;69522.836973940372;64616.076646274370;1692;2015;12;Dec;2015/12/01;27;1;Sun;Weekday;41.09;38.19;4906.76;7.06;2.90;7.06;37.07;37.63
2015/12/28 02:00;133021.272795362570;123500.787789675160;3234;2015;12;Dec;2015/12/01;28;2;Mon;Weekday;41.13;38.19;9520.49;7.16;2.94;7.16;37.07;37.82
2015/12/29 02:00;161267.520591837590;175378.145915220700;4592;2015;12;Dec;2015/12/01;29;3;Tue;Weekday;35.12;38.19;-14110.63;-8.75;-3.07;-8.75;37.07;37.95
2015/12/30 02:00;208583.217990355160;227060.262678493980;5945;2015;12;Dec;2015/12/01;30;4;Wed;Weekday;35.09;38.19;-18477.04;-8.86;-3.11;-8.86;37.07;38.09
2015/12/31 02:00;325457.525001478850;353929.738354991710;9266;2015;12;Dec;2015/12/01;31;5;Thu;Weekday;35.12;38.20;-28472.21;-8.75;-3.07;-8.75;37.07;38.27
2016/01/01 02:00;111650.239774078670;121448.283817138900;3179;2016;1;Jan;2016/01/01;1;6;Fri;Weekday;35.12;38.20;-9798.04;-8.78;-3.08;-8.78;37.07;38.45
2016/01/02 02:00;262421.281864557590;285675.845713160580;7479;2016;1;Jan;2016/01/01;2;7;Sat;Weekday;35.09;38.20;-23254.56;-8.86;-3.11;-8.86;37.07;38.64
2016/01/03 02:00;164527.538913355150;179308.949530554880;4694;2016;1;Jan;2016/01/01;3;1;Sun;Weekday;35.05;38.20;-14781.41;-8.98;-3.15;-8.98;37.07;38.82
2016/01/04 02:00;274990.146499198800;299576.241369662690;7843;2016;1;Jan;2016/01/01;4;2;Mon;Weekday;35.06;38.20;-24586.09;-8.94;-3.13;-8.94;37.07;39.00
2016/01/05 02:00;215737.842798713940;234642.085748132230;6150;2016;1;Jan;2016/01/01;5;3;Tue;Weekday;35.08;38.15;-18904.24;-8.76;-3.07;-8.76;37.07;38.94
2016/01/06 02:00;98646.982697528802;91610.560001972306;2401;2016;1;Jan;2016/01/01;6;4;Wed;Weekday;41.09;38.16;7036.42;7.13;2.93;7.13;37.07;39.13
2016/01/07 02:00;74401.215293020490;68988.861259106357;1808;2016;1;Jan;2016/01/01;7;5;Thu;Weekday;41.15;38.16;5412.35;7.27;2.99;7.27;37.07;39.09
2016/01/08 02:00;106592.342996267940;99021.682920692168;2594;2016;1;Jan;2016/01/01;8;6;Fri;Weekday;41.09;38.17;7570.66;7.10;2.92;7.10;37.07;38.87
2016/01/09 02:00;134629.658196930160;124963.465513847070;3274;2016;1;Jan;2016/01/01;9;7;Sat;Weekday;41.12;38.17;9666.19;7.18;2.95;7.18;37.07;38.65
2016/01/10 02:00;90773.653057909149;84299.288239980437;2207;2016;1;Jan;2016/01/01;10;1;Sun;Weekday;41.13;38.20;6474.36;7.13;2.93;7.13;37.07;38.43
2016/01/11 02:00;121373.068224416360;112550.432308732690;2949;2016;1;Jan;2016/01/01;11;2;Mon;Weekday;41.16;38.17;8822.64;7.27;2.99;7.27;37.07;38.21
2016/01/12 02:00;99445.557103979168;92226.518095758031;2417;2016;1;Jan;2016/01/01;12;3;Tue;Weekday;41.14;38.16;7219.04;7.26;2.99;7.26;37.07;37.99
2016/01/13 02:00;67587.546930070370;62760.356831462283;1644;2016;1;Jan;2016/01/01;13;4;Wed;Weekday;41.11;38.18;4827.19;7.14;2.94;7.14;37.07;37.77
2016/01/14 02:00;61685.935238410369;57191.439317791570;1499;2016;1;Jan;2016/01/01;14;5;Thu;Weekday;41.15;38.15;4494.50;7.29;3.00;7.29;37.07;37.71
2016/01/15 02:00;150006.929791823930;139244.895767709090;3648;2016;1;Jan;2016/01/01;15;6;Fri;Weekday;41.12;38.17;10762.03;7.17;2.95;7.17;37.07;37.66
2016/01/16 02:00;191287.353485502880;177577.287213494830;4652;2016;1;Jan;2016/01/01;16;7;Sat;Weekday;41.12;38.17;13710.07;7.17;2.95;7.17;37.07;37.60
2016/01/17 02:00;92595.460836939150;86018.189605519379;2252;2016;1;Jan;2016/01/01;17;1;Sun;Weekday;41.12;38.20;6577.27;7.10;2.92;7.10;37.07;37.55
2016/01/18 02:00;96947.054288479165;89961.359503772677;2357;2016;1;Jan;2016/01/01;18;2;Mon;Weekday;41.13;38.17;6985.69;7.21;2.96;7.21;37.07;37.52
2016/01/19 02:00;70512.894500490496;65453.276391554507;1715;2016;1;Jan;2016/01/01;19;3;Tue;Weekday;41.12;38.17;5059.62;7.18;2.95;7.18;37.07;37.50
2016/01/20 02:00;159590.490069201360;182351.138845241510;4776;2016;1;Jan;2016/01/01;20;4;Wed;Weekday;33.42;38.18;-22760.65;-14.26;-4.77;-14.26;37.07;37.47
2016/01/21 02:00;67046.273415800373;61894.262560530507;1628;2016;1;Jan;2016/01/01;21;5;Thu;Weekday;41.18;38.02;5152.01;7.68;3.16;7.68;37.07;37.45
2016/01/22 02:00;266949.238793142140;294322.927182734710;7806;2016;1;Jan;2016/01/01;22;6;Fri;Weekday;34.20;37.70;-27373.69;-10.25;-3.51;-10.25;37.07;37.23
2016/01/23 02:00;315272.224772121870;346093.067004290990;9210;2016;1;Jan;2016/01/01;23;7;Sat;Weekday;34.23;37.58;-30820.84;-9.78;-3.35;-9.78;37.07;37.01
2016/01/24 02:00;149138.921518885150;163505.713019898070;4351;2016;1;Jan;2016/01/01;24;1;Sun;Weekday;34.28;37.58;-14366.79;-9.63;-3.30;-9.63;37.07;36.79
2016/01/25 02:00;215171.038201770020;234621.598859708810;6278;2016;1;Jan;2016/01/01;25;2;Mon;Weekday;34.27;37.37;-19450.56;-9.04;-3.10;-9.04;37.07;36.79
2016/01/26 02:00;205197.898357168800;221931.580052743810;5992;2016;1;Jan;2016/01/01;26;3;Tue;Weekday;34.25;37.04;-16733.68;-8.15;-2.79;-8.15;37.07;36.82
2016/01/27 02:00;214452.248428695020;231730.232749898250;6265;2016;1;Jan;2016/01/01;27;4;Wed;Weekday;34.23;36.99;-17277.98;-8.06;-2.76;-8.06;37.07;36.84
2016/01/28 02:00;195767.973554037570;210639.848189275250;5723;2016;1;Jan;2016/01/01;28;5;Thu;Weekday;34.21;36.81;-14871.87;-7.60;-2.60;-7.60;37.07;36.87
2016/01/29 02:00;397984.329262887770;437198.929579714550;11900;2016;1;Jan;2016/01/01;29;6;Fri;Weekday;33.44;36.74;-39214.60;-9.85;-3.30;-9.85;37.07;36.90
2016/01/30 02:00;512603.103453023360;561872.206032989780;15345;2016;1;Jan;2016/01/01;30;7;Sat;Weekday;33.41;36.62;-49269.10;-9.61;-3.21;-9.61;37.07;36.93
2016/01/31 02:00;218104.066939171370;238662.192104785820;6525;2016;1;Jan;2016/01/01;31;1;Sun;Weekday;33.43;36.58;-20558.13;-9.43;-3.15;-9.43;37.07;36.96
2016/02/01 02:00;339004.336886762470;371177.186883031680;10153;2016;2;Feb;2016/02/01;1;2;Mon;Weekday;33.39;36.56;-32172.85;-9.49;-3.17;-9.49;37.07;36.98
2016/02/02 02:00;278116.369327563390;295645.629108798220;8116;2016;2;Feb;2016/02/01;2;3;Tue;Weekday;34.27;36.43;-17529.26;-6.30;-2.16;-6.30;37.07;36.79
2016/02/03 02:00;264159.300610373500;280392.273599945130;7712;2016;2;Feb;2016/02/01;3;4;Wed;Weekday;34.25;36.36;-16232.97;-6.15;-2.10;-6.15;37.07;36.82
2016/02/04 02:00;197778.133740558810;209372.292230827940;5759;2016;2;Feb;2016/02/01;4;5;Thu;Weekday;34.34;36.36;-11594.16;-5.86;-2.01;-5.86;37.07;36.85
2016/02/05 02:00;325749.008906946870;345287.811496579380;9501;2016;2;Feb;2016/02/01;5;6;Fri;Weekday;34.29;36.34;-19538.80;-6.00;-2.06;-6.00;37.07;36.90
2016/02/06 02:00;371561.976387214260;393884.433035650350;10840;2016;2;Feb;2016/02/01;6;7;Sat;Weekday;34.28;36.34;-22322.46;-6.01;-2.06;-6.01;37.07;36.93
2016/02/07 02:00;174581.676845831390;185040.817338932920;5089;2016;2;Feb;2016/02/01;7;1;Sun;Weekday;34.31;36.36;-10459.14;-5.99;-2.06;-5.99;37.07;37.18
2016/02/08 02:00;208489.369419331250;221372.836946832310;6087;2016;2;Feb;2016/02/01;8;2;Mon;Weekday;34.25;36.37;-12883.47;-6.18;-2.12;-6.18;37.07;37.43
2016/02/09 02:00;84495.166667640122;74682.266818099233;2053;2016;2;Feb;2016/02/01;9;3;Tue;Weekday;41.16;36.38;9812.90;11.61;4.78;11.61;37.07;37.51
2016/02/10 02:00;76661.250030179392;66379.563604373863;1825;2016;2;Feb;2016/02/01;10;4;Wed;Weekday;42.01;36.37;10281.69;13.41;5.63;13.41;37.07;37.59
2016/02/11 02:00;64034.940459509766;55491.338529373483;1525;2016;2;Feb;2016/02/01;11;5;Thu;Weekday;41.99;36.39;8543.60;13.34;5.60;13.34;37.07;37.71
2016/02/12 02:00;148839.974868265160;129583.492067397660;3542;2016;2;Feb;2016/02/01;12;6;Fri;Weekday;42.02;36.58;19256.48;12.94;5.44;12.94;37.07;37.85
2016/02/13 02:00;172541.507929523940;150538.983683141410;4105;2016;2;Feb;2016/02/01;13;7;Sat;Weekday;42.03;36.67;22002.52;12.75;5.36;12.75;37.07;38.01
2016/02/14 02:00;87991.663002118541;76378.504638063911;2094;2016;2;Feb;2016/02/01;14;1;Sun;Weekday;42.02;36.47;11613.16;13.20;5.55;13.20;37.07;38.16
2016/02/15 02:00;123445.381550427580;108669.225381257010;2940;2016;2;Feb;2016/02/01;15;2;Mon;Weekday;41.99;36.96;14776.16;11.97;5.03;11.97;37.07;38.32
2016/02/16 02:00;77344.691873669406;68269.248838410713;1841;2016;2;Feb;2016/02/01;16;3;Tue;Weekday;42.01;37.08;9075.44;11.73;4.93;11.73;37.07;38.48
2016/02/17 02:00;158963.024881795170;167521.525860537080;4529;2016;2;Feb;2016/02/01;17;4;Wed;Weekday;35.10;36.99;-8558.50;-5.38;-1.89;-5.38;37.07;38.65
2016/02/18 02:00;69598.071152939650;61492.968308179203;1658;2016;2;Feb;2016/02/01;18;5;Thu;Weekday;41.98;37.09;8105.10;11.65;4.89;11.65;37.07;38.80
2016/02/19 02:00;161275.602198805170;143446.358327585740;3841;2016;2;Feb;2016/02/01;19;6;Fri;Weekday;41.99;37.35;17829.24;11.06;4.64;11.06;37.07;38.95
2016/02/20 02:00;325215.076792382460;345446.001848709650;9260;2016;2;Feb;2016/02/01;20;7;Sat;Weekday;35.12;37.31;-20230.93;-6.22;-2.18;-6.22;37.07;39.12
2016/02/21 02:00;96957.295844458073;86455.494378043557;2308;2016;2;Feb;2016/02/01;21;1;Sun;Weekday;42.01;37.46;10501.80;10.83;4.55;10.83;37.07;39.23
2016/02/22 02:00;85224.477091228793;75960.718021940367;2028;2016;2;Feb;2016/02/01;22;2;Mon;Weekday;42.02;37.46;9263.76;10.87;4.57;10.87;37.07;39.37
2016/02/23 02:00;54612.878841539881;49071.802537897172;1301;2016;2;Feb;2016/02/01;23;3;Tue;Weekday;41.98;37.72;5541.08;10.15;4.26;10.15;37.07;39.61
2016/02/24 02:00;81530.612382324645;81738.056437313600;2213;2016;2;Feb;2016/02/01;24;4;Wed;Weekday;36.84;36.94;-207.44;-0.25;-0.09;-0.25;37.07;39.86
2016/02/25 02:00;160947.532640187590;162597.496845268180;4404;2016;2;Feb;2016/02/01;25;5;Thu;Weekday;36.55;36.92;-1649.96;-1.03;-0.37;-1.03;37.07;39.89
2016/02/26 02:00;188736.247417435140;183103.233687990780;4935;2016;2;Feb;2016/02/01;26;6;Fri;Weekday;38.24;37.10;5633.01;2.98;1.14;2.98;37.07;39.89
2016/02/27 02:00;215951.507867073960;210032.788078558890;5609;2016;2;Feb;2016/02/01;27;7;Sat;Weekday;38.50;37.45;5918.72;2.74;1.06;2.74;37.07;39.90
2016/02/28 02:00;134995.854495942590;129938.705770358500;3452;2016;2;Feb;2016/02/01;28;1;Sun;Weekday;39.11;37.64;5057.15;3.75;1.46;3.75;37.07;39.90
2016/02/29 02:00;163079.378043967590;160332.589406030750;4270;2016;2;Feb;2016/02/01;29;2;Mon;Weekday;38.19;37.55;2746.79;1.68;0.64;1.68;37.07;39.90
2016/03/01 02:00;180828.674091826370;182962.336996476250;4719;2016;3;Mar;2016/03/01;1;3;Tue;Weekday;38.32;38.77;-2133.66;-1.18;-0.45;-1.18;37.07;39.90
2016/03/02 02:00;171196.175194466370;174428.680891674970;4451;2016;3;Mar;2016/03/01;2;4;Wed;Weekday;38.46;39.19;-3232.51;-1.89;-0.73;-1.89;37.07;39.90
2016/03/03 02:00;129719.050526333800;131961.932508289090;3364;2016;3;Mar;2016/03/01;3;5;Thu;Weekday;38.56;39.23;-2242.88;-1.73;-0.67;-1.73;37.07;39.90
2016/03/04 02:00;142127.642090612590;144039.413682700250;3665;2016;3;Mar;2016/03/01;4;6;Fri;Weekday;38.78;39.30;-1911.77;-1.35;-0.52;-1.35;37.07;40.12
2016/03/05 02:00;152124.407894327600;153377.512038677350;3889;2016;3;Mar;2016/03/01;5;7;Sat;Weekday;39.12;39.44;-1253.10;-0.82;-0.32;-0.82;37.07;40.12
2016/03/06 02:00;74132.787023074285;74332.279484224229;1882;2016;3;Mar;2016/03/01;6;1;Sun;Weekday;39.39;39.50;-199.49;-0.27;-0.11;-0.27;37.07;40.12
2016/03/07 02:00;91143.028607709275;95167.528732048944;2405;2016;3;Mar;2016/03/01;7;2;Mon;Weekday;37.90;39.57;-4024.50;-4.42;-1.67;-4.42;37.07;40.34
2016/03/08 02:00;60528.093358145001;62342.881166359926;1577;2016;3;Mar;2016/03/01;8;3;Tue;Weekday;38.38;39.53;-1814.79;-3.00;-1.15;-3.00;37.07;40.31
2016/03/09 02:00;38340.599611080244;35918.335153329201;913;2016;3;Mar;2016/03/01;9;4;Wed;Weekday;41.99;39.34;2422.26;6.32;2.65;6.32;37.07;40.24
2016/03/10 02:00;37453.006182510246;35108.200106536773;892;2016;3;Mar;2016/03/01;10;5;Thu;Weekday;41.99;39.36;2344.81;6.26;2.63;6.26;37.07;40.19
2016/03/11 02:00;77997.045012869392;73051.675542545359;1855;2016;3;Mar;2016/03/01;11;6;Fri;Weekday;42.05;39.38;4945.37;6.34;2.67;6.34;37.07;40.28
2016/03/12 02:00;79752.282678029282;74962.816397036033;1897;2016;3;Mar;2016/03/01;12;7;Sat;Weekday;42.04;39.52;4789.47;6.01;2.52;6.01;37.07;40.39
2016/03/13 02:00;37155.588484560249;34962.830504184181;883;2016;3;Mar;2016/03/01;13;1;Sun;Weekday;42.08;39.60;2192.76;5.90;2.48;5.90;37.07;40.43
2016/03/14 02:00;45046.513214430241;42368.045353504094;1071;2016;3;Mar;2016/03/01;14;2;Mon;Weekday;42.06;39.56;2678.47;5.95;2.50;5.95;37.07;40.46
2016/03/15 02:00;55489.332757800243;52263.056988226643;1320;2016;3;Mar;2016/03/01;15;3;Tue;Weekday;42.04;39.59;3226.28;5.81;2.44;5.81;37.07;40.39
2016/03/16 02:00;41893.303158000243;39495.455901503272;997;2016;3;Mar;2016/03/01;16;4;Wed;Weekday;42.02;39.61;2397.85;5.72;2.41;5.72;37.07;40.34
2016/03/17 02:00;34348.504189710126;32292.837602068419;817;2016;3;Mar;2016/03/01;17;5;Thu;Weekday;42.04;39.53;2055.67;5.98;2.52;5.98;37.07;40.30
2016/03/18 02:00;78276.831216934515;73746.758711538583;1866;2016;3;Mar;2016/03/01;18;6;Fri;Weekday;41.95;39.52;4530.07;5.79;2.43;5.79;37.07;40.26
2016/03/19 02:00;92851.402660078791;87451.566175781234;2211;2016;3;Mar;2016/03/01;19;7;Sat;Weekday;42.00;39.55;5399.84;5.82;2.44;5.82;37.07;40.22
2016/03/20 02:00;54845.789298270247;51625.511717785288;1304;2016;3;Mar;2016/03/01;20;1;Sun;Weekday;42.06;39.59;3220.28;5.87;2.47;5.87;37.07;40.23
2016/03/21 02:00;48037.799902380248;45187.641575720692;1143;2016;3;Mar;2016/03/01;21;2;Mon;Weekday;42.03;39.53;2850.16;5.93;2.49;5.93;37.07;40.26
2016/03/22 02:00;65905.723262160012;62023.881297700063;1573;2016;3;Mar;2016/03/01;22;3;Tue;Weekday;41.90;39.43;3881.84;5.89;2.47;5.89;37.07;40.35
2016/03/23 02:00;84870.051300869760;81472.827175989325;2065;2016;3;Mar;2016/03/01;23;4;Wed;Weekday;41.10;39.45;3397.22;4.00;1.65;4.00;37.07;40.26
2016/03/24 02:00;262459.505681303910;259298.456618436850;6588;2016;3;Mar;2016/03/01;24;5;Thu;Weekday;39.84;39.36;3161.05;1.20;0.48;1.20;37.07;40.16
2016/03/25 02:00;228124.398029273930;222208.350380803920;5652;2016;3;Mar;2016/03/01;25;6;Fri;Weekday;40.36;39.31;5916.05;2.59;1.05;2.59;37.07;39.94
2016/03/26 02:00;162929.492144126360;161434.815098504540;4103;2016;3;Mar;2016/03/01;26;7;Sat;Weekday;39.71;39.35;1494.68;0.92;0.36;0.92;37.07;39.73
2016/03/27 02:00;58359.832184820130;57681.569884933917;1466;2016;3;Mar;2016/03/01;27;1;Sun;Weekday;39.81;39.35;678.26;1.16;0.46;1.16;37.07;39.52
2016/03/28 02:00;85605.331920599157;85022.380920180585;2162;2016;3;Mar;2016/03/01;28;2;Mon;Weekday;39.60;39.33;582.95;0.68;0.27;0.68;37.07;39.29
2016/03/29 02:00;84836.414342129283;84595.217934805929;2155;2016;3;Mar;2016/03/01;29;3;Tue;Weekday;39.37;39.26;241.20;0.28;0.11;0.28;37.07;39.07
2016/03/30 02:00;64308.914216520490;68427.594666065750;1746;2016;3;Mar;2016/03/01;30;4;Wed;Weekday;36.83;39.19;-4118.68;-6.40;-2.36;-6.40;37.07;38.85
2016/03/31 02:00;131168.485522947590;138589.100064262950;3554;2016;3;Mar;2016/03/01;31;5;Thu;Weekday;36.91;39.00;-7420.61;-5.66;-2.09;-5.66;37.07;38.63
2016/04/01 02:00;232410.197977815460;245358.629980533850;6282;2016;4;Apr;2016/04/01;1;6;Fri;Weekday;37.00;39.06;-12948.43;-5.57;-2.06;-5.57;37.07;38.41
2016/04/02 02:00;195831.097457117900;205442.828096811720;5259;2016;4;Apr;2016/04/01;2;7;Sat;Weekday;37.24;39.06;-9611.73;-4.91;-1.83;-4.91;37.07;38.19
2016/04/03 02:00;90716.547889139882;95543.133646196758;2446;2016;4;Apr;2016/04/01;3;1;Sun;Weekday;37.09;39.06;-4826.59;-5.32;-1.97;-5.32;37.07;37.98
2016/04/04 02:00;131638.019607176360;130700.188942007360;3345;2016;4;Apr;2016/04/01;4;2;Mon;Weekday;39.35;39.07;937.83;0.71;0.28;0.71;37.07;37.76
2016/04/05 02:00;81910.872618989408;79969.510545293015;2048;2016;4;Apr;2016/04/01;5;3;Tue;Weekday;40.00;39.05;1941.36;2.37;0.95;2.37;37.07;37.51
2016/04/06 02:00;54821.908513709888;50800.008514759305;1303;2016;4;Apr;2016/04/01;6;4;Wed;Weekday;42.07;38.99;4021.90;7.34;3.09;7.34;37.07;37.25
2016/04/07 02:00;155615.419414466390;171592.125879157360;4413;2016;4;Apr;2016/04/01;7;5;Thu;Weekday;35.26;38.88;-15976.71;-10.27;-3.62;-10.27;37.07;37.01
2016/04/08 02:00;264086.893780349990;291378.579802774470;7494;2016;4;Apr;2016/04/01;8;6;Fri;Weekday;35.24;38.88;-27291.69;-10.33;-3.64;-10.33;37.07;36.78
2016/04/09 02:00;272761.297542688790;298164.416097074460;7738;2016;4;Apr;2016/04/01;9;7;Sat;Weekday;35.25;38.53;-25403.12;-9.31;-3.28;-9.31;37.07;36.60
2016/04/10 02:00;104689.427918458550;113609.304253074300;2958;2016;4;Apr;2016/04/01;10;1;Sun;Weekday;35.39;38.41;-8919.88;-8.52;-3.02;-8.52;37.07;36.40
2016/04/11 02:00;131170.596933776370;142022.812593445880;3713;2016;4;Apr;2016/04/01;11;2;Mon;Weekday;35.33;38.25;-10852.22;-8.27;-2.92;-8.27;37.07;36.22
2016/04/12 02:00;123179.489400388790;132714.960204100410;3504;2016;4;Apr;2016/04/01;12;3;Tue;Weekday;35.15;37.88;-9535.47;-7.74;-2.72;-7.74;37.07;36.03
2016/04/13 02:00;124431.046371688800;132889.056896937280;3534;2016;4;Apr;2016/04/01;13;4;Wed;Weekday;35.21;37.60;-8458.01;-6.80;-2.39;-6.80;37.07;35.86
2016/04/14 02:00;162166.835990875140;172225.652705638640;4601;2016;4;Apr;2016/04/01;14;5;Thu;Weekday;35.25;37.43;-10058.82;-6.20;-2.19;-6.20;37.07;35.69
2016/04/15 02:00;354042.023239828820;373200.305984063130;10045;2016;4;Apr;2016/04/01;15;6;Fri;Weekday;35.25;37.15;-19158.28;-5.41;-1.91;-5.41;37.07;35.61
2016/04/16 02:00;327352.261395958830;345338.628069206260;9301;2016;4;Apr;2016/04/01;16;7;Sat;Weekday;35.20;37.13;-17986.37;-5.49;-1.93;-5.49;37.07;35.52
2016/04/17 02:00;164809.303048253930;175167.428759829720;4678;2016;4;Apr;2016/04/01;17;1;Sun;Weekday;35.23;37.44;-10358.13;-6.28;-2.21;-6.28;37.07;35.43
2016/04/18 02:00;151157.794308715150;159828.765034305340;4294;2016;4;Apr;2016/04/01;18;2;Mon;Weekday;35.20;37.22;-8670.97;-5.74;-2.02;-5.74;37.07;35.33
2016/04/19 02:00;126895.936497537580;133726.280561524820;3606;2016;4;Apr;2016/04/01;19;3;Tue;Weekday;35.19;37.08;-6830.34;-5.38;-1.89;-5.38;37.07;35.23
2016/04/20 02:00;166395.445828840140;179020.542458507760;4838;2016;4;Apr;2016/04/01;20;4;Wed;Weekday;34.39;37.00;-12625.10;-7.59;-2.61;-7.59;37.07;35.07
2016/04/21 02:00;167796.354780001360;182485.098937053960;4914;2016;4;Apr;2016/04/01;21;5;Thu;Weekday;34.15;37.14;-14688.74;-8.75;-2.99;-8.75;37.07;34.88
2016/04/22 02:00;351146.016999244280;380098.156403874450;10269;2016;4;Apr;2016/04/01;22;6;Fri;Weekday;34.19;37.01;-28952.14;-8.25;-2.82;-8.25;37.07;34.62
2016/04/23 02:00;420738.821759644600;455415.349328029780;12317;2016;4;Apr;2016/04/01;23;7;Sat;Weekday;34.16;36.97;-34676.53;-8.24;-2.82;-8.24;37.07;34.59
2016/04/24 02:00;186166.150786438780;202391.178695290440;5453;2016;4;Apr;2016/04/01;24;1;Sun;Weekday;34.14;37.12;-16225.03;-8.72;-2.98;-8.72;37.07;34.81
2016/04/25 02:00;251449.529639191080;273255.098530793100;7372;2016;4;Apr;2016/04/01;25;2;Mon;Weekday;34.11;37.07;-21805.57;-8.67;-2.96;-8.67;37.07;35.03
2016/04/26 02:00;280321.810746765930;302469.831975234670;8211;2016;4;Apr;2016/04/01;26;3;Tue;Weekday;34.14;36.84;-22148.02;-7.90;-2.70;-7.90;37.07;35.24
2016/04/27 02:00;313434.933313664570;337931.116966197090;9182;2016;4;Apr;2016/04/01;27;4;Wed;Weekday;34.14;36.80;-24496.18;-7.82;-2.67;-7.82;37.07;35.46
2016/04/28 02:00;257324.603080939730;276852.179942577380;7520;2016;4;Apr;2016/04/01;28;5;Thu;Weekday;34.22;36.82;-19527.58;-7.59;-2.60;-7.59;37.07;35.68
2016/04/29 02:00;455554.336048229480;489215.067537895640;13321;2016;4;Apr;2016/04/01;29;6;Fri;Weekday;34.20;36.73;-33660.73;-7.39;-2.53;-7.39;37.07;35.90
2016/04/30 02:00;556865.203275052360;598925.667888700730;16276;2016;4;Apr;2016/04/01;30;7;Sat;Weekday;34.21;36.80;-42060.46;-7.55;-2.58;-7.55;37.07;36.12
2016/05/01 02:00;354856.044922086880;380511.159158109110;10388;2016;5;May;2016/05/01;1;1;Sun;Weekday;34.16;36.63;-25655.11;-7.23;-2.47;-7.23;37.07;36.34
2016/05/02 02:00;283284.581253970800;304997.851816896290;8298;2016;5;May;2016/05/01;2;2;Mon;Weekday;34.14;36.76;-21713.27;-7.66;-2.62;-7.66;37.07;36.56
2016/05/03 02:00;297500.673968725840;319786.359468561070;8717;2016;5;May;2016/05/01;3;3;Tue;Weekday;34.13;36.69;-22285.69;-7.49;-2.56;-7.49;37.07;36.78
2016/05/04 02:00;285968.487782519720;305506.998234947500;8364;2016;5;May;2016/05/01;4;4;Wed;Weekday;34.19;36.53;-19538.51;-6.83;-2.34;-6.83;37.07;37.01
2016/05/05 02:00;237946.632672263660;254527.415505526090;6968;2016;5;May;2016/05/01;5;5;Thu;Weekday;34.15;36.53;-16580.78;-6.97;-2.38;-6.97;37.07;37.23
2016/05/06 02:00;340851.505864859500;364361.032864138540;9973;2016;5;May;2016/05/01;6;6;Fri;Weekday;34.18;36.53;-23509.53;-6.90;-2.36;-6.90;37.07;37.47
2016/05/07 02:00;388187.601433528060;414644.623490811440;11363;2016;5;May;2016/05/01;7;7;Sat;Weekday;34.16;36.49;-26457.02;-6.82;-2.33;-6.82;37.07;37.73
2016/05/08 02:00;139178.984059245150;148731.090527304130;4074;2016;5;May;2016/05/01;8;1;Sun;Weekday;34.16;36.51;-9552.11;-6.86;-2.34;-6.86;37.07;37.98
2016/05/09 02:00;66400.303047269510;57741.738907512547;1579;2016;5;May;2016/05/01;9;2;Mon;Weekday;42.05;36.57;8658.56;13.04;5.48;13.04;37.07;38.01
2016/05/10 02:00;42723.524457810243;37112.985056990263;1016;2016;5;May;2016/05/01;10;3;Tue;Weekday;42.05;36.53;5610.54;13.13;5.52;13.13;37.07;38.02
2016/05/11 02:00;35014.399481130247;30393.740119816470;832;2016;5;May;2016/05/01;11;4;Wed;Weekday;42.08;36.53;4620.66;13.20;5.55;13.20;37.07;38.02
2016/05/12 02:00;27210.406631640122;23570.159155417456;647;2016;5;May;2016/05/01;12;5;Thu;Weekday;42.06;36.43;3640.25;13.38;5.63;13.38;37.07;38.03
2016/05/13 02:00;79840.088245649400;69078.714144542624;1898;2016;5;May;2016/05/01;13;6;Fri;Weekday;42.07;36.40;10761.37;13.48;5.67;13.48;37.07;38.03
2016/05/14 02:00;82484.448292049157;71426.011644710306;1961;2016;5;May;2016/05/01;14;7;Sat;Weekday;42.06;36.42;11058.44;13.41;5.64;13.41;37.07;38.03
2016/05/15 02:00;51497.237336430007;44611.939679509764;1224;2016;5;May;2016/05/01;15;1;Sun;Weekday;42.07;36.45;6885.30;13.37;5.63;13.37;37.07;38.04
2016/05/16 02:00;42871.832866800367;37139.308256889854;1019;2016;5;May;2016/05/01;16;2;Mon;Weekday;42.07;36.45;5732.52;13.37;5.63;13.37;37.07;38.04
2016/05/17 02:00;39104.639102460249;33890.360432496309;930;2016;5;May;2016/05/01;17;3;Tue;Weekday;42.05;36.44;5214.28;13.33;5.61;13.33;37.07;38.04
2016/05/18 02:00;34406.750005710244;29884.330589367586;818;2016;5;May;2016/05/01;18;4;Wed;Weekday;42.06;36.53;4522.42;13.14;5.53;13.14;37.07;38.05
2016/05/19 02:00;39403.658560350246;34229.631915798505;937;2016;5;May;2016/05/01;19;5;Thu;Weekday;42.05;36.53;5174.03;13.13;5.52;13.13;37.07;38.05
2016/05/20 02:00;96830.902423738444;83926.003498834732;2302;2016;5;May;2016/05/01;20;6;Fri;Weekday;42.06;36.46;12904.90;13.33;5.61;13.33;37.07;38.06
2016/05/21 02:00;99380.394597328297;86179.513387184299;2363;2016;5;May;2016/05/01;21;7;Sat;Weekday;42.06;36.47;13200.88;13.28;5.59;13.28;37.07;38.06
2016/05/22 02:00;61656.181334069763;53463.734557835058;1466;2016;5;May;2016/05/01;22;1;Sun;Weekday;42.06;36.47;8192.45;13.29;5.59;13.29;37.07;38.06
2016/05/23 02:00;69163.557365579516;59948.438707535541;1644;2016;5;May;2016/05/01;23;2;Mon;Weekday;42.07;36.46;9215.12;13.32;5.61;13.32;37.07;38.32
2016/05/24 02:00;113112.865021109640;117414.698929684780;3224;2016;5;May;2016/05/01;24;3;Tue;Weekday;35.08;36.42;-4301.83;-3.80;-1.33;-3.80;37.07;38.32
2016/05/25 02:00;253686.302453586070;268974.570693965240;7392;2016;5;May;2016/05/01;25;4;Wed;Weekday;34.32;36.39;-15288.27;-6.03;-2.07;-6.03;37.07;38.09
2016/05/26 02:00;210305.291944036230;223289.084573854840;6138;2016;5;May;2016/05/01;26;5;Thu;Weekday;34.26;36.38;-12983.79;-6.17;-2.12;-6.17;37.07;37.87
2016/05/27 02:00;364087.424299930510;386499.896429186510;10624;2016;5;May;2016/05/01;27;6;Fri;Weekday;34.27;36.38;-22412.47;-6.16;-2.11;-6.16;37.07;37.62
2016/05/28 02:00;397480.369474525510;421674.101869765200;11590;2016;5;May;2016/05/01;28;7;Sat;Weekday;34.30;36.38;-24193.73;-6.09;-2.09;-6.09;37.07;37.39
2016/05/29 02:00;204028.176757352430;216777.315725663760;5959;2016;5;May;2016/05/01;29;1;Sun;Weekday;34.24;36.38;-12749.14;-6.25;-2.14;-6.25;37.07;37.17
2016/05/30 02:00;172797.935134466390;183715.807199507520;5048;2016;5;May;2016/05/01;30;2;Mon;Weekday;34.23;36.39;-10917.87;-6.32;-2.16;-6.32;37.07;36.94
2016/05/31 02:00;258970.654110184870;274386.015434770500;7542;2016;5;May;2016/05/01;31;3;Tue;Weekday;34.34;36.38;-15415.36;-5.95;-2.04;-5.95;37.07;36.69
2016/06/01 02:00;368789.572621970610;391923.659614291860;10761;2016;6;Jun;2016/06/01;1;4;Wed;Weekday;34.27;36.42;-23134.09;-6.27;-2.15;-6.27;37.07;36.47
2016/06/02 02:00;278071.386569245950;295548.241640903350;8120;2016;6;Jun;2016/06/01;2;5;Thu;Weekday;34.25;36.40;-17476.86;-6.29;-2.15;-6.29;37.07;36.24
2016/06/03 02:00;373959.362039226860;396324.178666270400;10896;2016;6;Jun;2016/06/01;3;6;Fri;Weekday;34.32;36.37;-22364.82;-5.98;-2.05;-5.98;37.07;35.99
2016/06/04 02:00;402057.252888535500;426466.132176591320;11726;2016;6;Jun;2016/06/01;4;7;Sat;Weekday;34.29;36.37;-24408.88;-6.07;-2.08;-6.07;37.07;35.77
2016/06/05 02:00;205719.453235816240;218408.182073275700;6007;2016;6;Jun;2016/06/01;5;1;Sun;Weekday;34.25;36.36;-12688.73;-6.17;-2.11;-6.17;37.07;35.54
2016/06/06 02:00;177626.950124486380;188629.754225901970;5185;2016;6;Jun;2016/06/01;6;2;Mon;Weekday;34.26;36.38;-11002.80;-6.19;-2.12;-6.19;37.07;35.32
2016/06/07 02:00;70441.907412239394;60910.748400180244;1675;2016;6;Jun;2016/06/01;7;3;Tue;Weekday;42.05;36.36;9531.16;13.53;5.69;13.53;37.07;35.32
2016/06/08 02:00;162923.849580700160;173292.681134454120;4765;2016;6;Jun;2016/06/01;8;4;Wed;Weekday;34.19;36.37;-10368.83;-6.36;-2.18;-6.36;37.07;35.04
2016/06/09 02:00;138752.527609767600;143791.478082016260;3953;2016;6;Jun;2016/06/01;9;5;Thu;Weekday;35.10;36.38;-5038.95;-3.63;-1.27;-3.63;37.07;34.98
2016/06/10 02:00;252458.262230488820;261502.381778564010;7190;2016;6;Jun;2016/06/01;10;6;Fri;Weekday;35.11;36.37;-9044.12;-3.58;-1.26;-3.58;37.07;34.95
2016/06/11 02:00;293917.852481117010;311853.520534735760;8577;2016;6;Jun;2016/06/01;11;7;Sat;Weekday;34.27;36.36;-17935.67;-6.10;-2.09;-6.10;37.07;34.93
2016/06/12 02:00;138350.121828475150;143346.674606024260;3943;2016;6;Jun;2016/06/01;12;1;Sun;Weekday;35.09;36.35;-4996.55;-3.61;-1.27;-3.61;37.07;34.90
2016/06/13 02:00;130067.275564196360;134950.566489430060;3707;2016;6;Jun;2016/06/01;13;2;Mon;Weekday;35.09;36.40;-4883.29;-3.75;-1.32;-3.75;37.07;34.87
2016/06/14 02:00;107168.661076499410;111173.158478465220;3054;2016;6;Jun;2016/06/01;14;3;Tue;Weekday;35.09;36.40;-4004.50;-3.74;-1.31;-3.74;37.07;34.84
2016/06/15 02:00;224030.554448086220;237934.734150632980;6541;2016;6;Jun;2016/06/01;15;4;Wed;Weekday;34.25;36.38;-13904.18;-6.21;-2.13;-6.21;37.07;34.81
2016/06/16 02:00;201918.222072743960;209095.569741376880;5749;2016;6;Jun;2016/06/01;16;5;Thu;Weekday;35.12;36.37;-7177.35;-3.55;-1.25;-3.55;37.07;34.78
2016/06/17 02:00;329344.268303161250;341253.329634991360;9385;2016;6;Jun;2016/06/01;17;6;Fri;Weekday;35.09;36.36;-11909.06;-3.62;-1.27;-3.62;37.07;34.75
2016/06/18 02:00;308642.977224081870;327672.041484041430;9012;2016;6;Jun;2016/06/01;18;7;Sat;Weekday;34.25;36.36;-19029.06;-6.17;-2.11;-6.17;37.07;34.72
2016/06/19 02:00;134472.406628276370;139385.876176807420;3831;2016;6;Jun;2016/06/01;19;1;Sun;Weekday;35.10;36.38;-4913.47;-3.65;-1.28;-3.65;37.07;34.69
2016/06/20 02:00;143809.720583966380;148953.910853214910;4097;2016;6;Jun;2016/06/01;20;2;Mon;Weekday;35.10;36.36;-5144.19;-3.58;-1.26;-3.58;37.07;34.66
2016/06/21 02:00;123252.151055847570;127533.009276503200;3509;2016;6;Jun;2016/06/01;21;3;Tue;Weekday;35.12;36.34;-4280.86;-3.47;-1.22;-3.47;37.07;34.64
2016/06/22 02:00;40067.151211860240;34559.084522627534;953;2016;6;Jun;2016/06/01;22;4;Wed;Weekday;42.04;36.26;5508.07;13.75;5.78;13.75;37.07;34.89
2016/06/23 02:00;143752.736760648780;155659.533743734560;4305;2016;6;Jun;2016/06/01;23;5;Thu;Weekday;33.39;36.16;-11906.80;-8.28;-2.77;-8.28;37.07;34.89
2016/06/24 02:00;389904.008554662640;422372.581580700290;11667;2016;6;Jun;2016/06/01;24;6;Fri;Weekday;33.42;36.20;-32468.57;-8.33;-2.78;-8.33;37.07;35.14
2016/06/25 02:00;461280.785582774440;498910.329020543840;13793;2016;6;Jun;2016/06/01;25;7;Sat;Weekday;33.44;36.17;-37629.54;-8.16;-2.73;-8.16;37.07;35.37
2016/06/26 02:00;221578.696823561390;240449.622291522220;6641;2016;6;Jun;2016/06/01;26;1;Sun;Weekday;33.37;36.21;-18870.93;-8.52;-2.84;-8.52;37.07;35.59
2016/06/27 02:00;253702.222976618800;274426.080277893280;7593;2016;6;Jun;2016/06/01;27;2;Mon;Weekday;33.41;36.14;-20723.86;-8.17;-2.73;-8.17;37.07;35.85
2016/06/28 02:00;200616.076183338940;217104.579715706150;6007;2016;6;Jun;2016/06/01;28;3;Tue;Weekday;33.40;36.14;-16488.50;-8.22;-2.74;-8.22;37.07;36.07
2016/06/29 02:00;211700.813157210160;229023.810739695790;6345;2016;6;Jun;2016/06/01;29;4;Wed;Weekday;33.36;36.10;-17323.00;-8.18;-2.73;-8.18;37.07;36.30
2016/06/30 02:00;282757.711444597630;305894.180094823710;8482;2016;6;Jun;2016/06/01;30;5;Thu;Weekday;33.34;36.06;-23136.47;-8.18;-2.73;-8.18;37.07;36.52
2016/07/01 02:00;479010.156707742020;517742.192597536430;14344;2016;7;Jul;2016/07/01;1;6;Fri;Weekday;33.39;36.09;-38732.04;-8.09;-2.70;-8.09;37.07;36.77
2016/07/02 02:00;454543.285758789400;490487.024649262600;13609;2016;7;Jul;2016/07/01;2;7;Sat;Weekday;33.40;36.04;-35943.74;-7.91;-2.64;-7.91;37.07;37.00
2016/07/03 02:00;242185.180702577610;261534.912039247080;7259;2016;7;Jul;2016/07/01;3;1;Sun;Weekday;33.36;36.03;-19349.73;-7.99;-2.67;-7.99;37.07;37.22
2016/07/04 02:00;281531.685555978850;304052.476995267030;8431;2016;7;Jul;2016/07/01;4;2;Mon;Weekday;33.39;36.06;-22520.79;-8.00;-2.67;-8.00;37.07;37.47
2016/07/05 02:00;219363.220135638930;237026.350540846240;6577;2016;7;Jul;2016/07/01;5;3;Tue;Weekday;33.35;36.04;-17663.13;-8.05;-2.69;-8.05;37.07;37.70
2016/07/06 02:00;204005.582234553930;219722.894950047690;6098;2016;7;Jul;2016/07/01;6;4;Wed;Weekday;33.45;36.03;-15717.31;-7.70;-2.58;-7.70;37.07;37.92
2016/07/07 02:00;69579.068455469765;59598.917800192394;1654;2016;7;Jul;2016/07/01;7;5;Thu;Weekday;42.07;36.03;9980.15;14.34;6.03;14.34;37.07;38.15
2016/07/08 02:00;87184.740028708911;74654.520419296809;2073;2016;7;Jul;2016/07/01;8;6;Fri;Weekday;42.06;36.01;12530.22;14.37;6.04;14.37;37.07;38.15
2016/07/09 02:00;78700.436048339150;67367.383240402574;1871;2016;7;Jul;2016/07/01;9;7;Sat;Weekday;42.06;36.01;11333.05;14.40;6.06;14.40;37.07;38.43
2016/07/10 02:00;39809.559090600371;34091.569662440699;946;2016;7;Jul;2016/07/01;10;1;Sun;Weekday;42.08;36.04;5717.99;14.36;6.04;14.36;37.07;38.71
2016/07/11 02:00;45839.238770190248;39231.195372207745;1090;2016;7;Jul;2016/07/01;11;2;Mon;Weekday;42.05;35.99;6608.04;14.42;6.06;14.42;37.07;38.98
2016/07/12 02:00;36851.763746850367;31574.325469600975;876;2016;7;Jul;2016/07/01;12;3;Tue;Weekday;42.07;36.04;5277.44;14.32;6.02;14.32;37.07;39.26
2016/07/13 02:00;33225.670471770121;28489.081398148788;790;2016;7;Jul;2016/07/01;13;4;Wed;Weekday;42.06;36.06;4736.59;14.26;6.00;14.26;37.07;39.54
2016/07/14 02:00;30423.391456740123;26053.796718671532;723;2016;7;Jul;2016/07/01;14;5;Thu;Weekday;42.08;36.04;4369.59;14.36;6.04;14.36;37.07;39.82
2016/07/15 02:00;80345.637659439148;68788.094536384728;1910;2016;7;Jul;2016/07/01;15;6;Fri;Weekday;42.07;36.01;11557.54;14.38;6.05;14.38;37.07;40.10
2016/07/16 02:00;95297.338626638681;81655.857730858726;2266;2016;7;Jul;2016/07/01;16;7;Sat;Weekday;42.06;36.04;13641.48;14.31;6.02;14.31;37.07;40.38
2016/07/17 02:00;45324.054527670247;38809.808900032534;1078;2016;7;Jul;2016/07/01;17;1;Sun;Weekday;42.04;36.00;6514.25;14.37;6.04;14.37;37.07;40.66
2016/07/18 02:00;51604.118408790244;44222.784476633977;1227;2016;7;Jul;2016/07/01;18;2;Mon;Weekday;42.06;36.04;7381.33;14.30;6.02;14.30;37.07;40.94
2016/07/19 02:00;37870.119032340364;32436.795965171274;900;2016;7;Jul;2016/07/01;19;3;Tue;Weekday;42.08;36.04;5433.32;14.35;6.04;14.35;37.07;41.22
2016/07/20 02:00;42723.524457810243;36607.390656376527;1016;2016;7;Jul;2016/07/01;20;4;Wed;Weekday;42.05;36.03;6116.13;14.32;6.02;14.32;37.07;41.50
2016/07/21 02:00;35169.915809850128;30133.318639665871;836;2016;7;Jul;2016/07/01;21;5;Thu;Weekday;42.07;36.04;5036.60;14.32;6.02;14.32;37.07;41.79
2016/07/22 02:00;61148.205011279642;52384.447482992728;1454;2016;7;Jul;2016/07/01;22;6;Fri;Weekday;42.06;36.03;8763.76;14.33;6.03;14.33;37.07;42.06
2016/07/23 02:00;77171.701800149516;66113.832037556145;1835;2016;7;Jul;2016/07/01;23;7;Sat;Weekday;42.06;36.03;11057.87;14.33;6.03;14.33;37.07;42.06
2016/07/24 02:00;40881.354912270246;35019.112638998406;972;2016;7;Jul;2016/07/01;24;1;Sun;Weekday;42.06;36.03;5862.24;14.34;6.03;14.34;37.07;42.06
2016/07/25 02:00;43085.595011520250;36887.366171890637;1024;2016;7;Jul;2016/07/01;25;2;Mon;Weekday;42.08;36.02;6198.23;14.39;6.05;14.39;37.07;42.06
2016/07/26 02:00;43894.993432110241;37604.658419582855;1044;2016;7;Jul;2016/07/01;26;3;Tue;Weekday;42.05;36.02;6290.34;14.33;6.03;14.33;37.07;41.81
2016/07/27 02:00;67780.728886469529;58196.145986195355;1611;2016;7;Jul;2016/07/01;27;4;Wed;Weekday;42.07;36.12;9584.58;14.14;5.95;14.14;37.07;41.58
2016/07/28 02:00;51907.943146500242;44544.630743101319;1234;2016;7;Jul;2016/07/01;28;5;Thu;Weekday;42.06;36.10;7363.31;14.19;5.97;14.19;37.07;41.34
2016/07/29 02:00;93508.633886369164;80346.694133858240;2223;2016;7;Jul;2016/07/01;29;6;Fri;Weekday;42.06;36.14;13161.94;14.08;5.92;14.08;37.07;41.09
2016/07/30 02:00;95343.595512178930;81874.288863507725;2267;2016;7;Jul;2016/07/01;30;7;Sat;Weekday;42.06;36.12;13469.31;14.13;5.94;14.13;37.07;40.84
2016/07/31 02:00;59514.992330639878;51145.403341245634;1415;2016;7;Jul;2016/07/01;31;1;Sun;Weekday;42.06;36.15;8369.59;14.06;5.91;14.06;37.07;40.61
2016/08/01 02:00;65133.966200159761;55946.056559077122;1548;2016;8;Aug;2016/08/01;1;2;Mon;Weekday;42.08;36.14;9187.91;14.11;5.94;14.11;37.07;40.38
2016/08/02 02:00;70641.253717499887;60629.552999890904;1679;2016;8;Aug;2016/08/01;2;3;Tue;Weekday;42.07;36.11;10011.70;14.17;5.96;14.17;37.07;40.14
2016/08/03 02:00;48442.171479960249;41610.783939948822;1152;2016;8;Aug;2016/08/01;3;4;Wed;Weekday;42.05;36.12;6831.39;14.10;5.93;14.10;37.07;39.89
2016/08/04 02:00;46291.371916890246;39783.360668054564;1101;2016;8;Aug;2016/08/01;4;5;Thu;Weekday;42.04;36.13;6508.01;14.06;5.91;14.06;37.07;39.65
2016/08/05 02:00;73453.143292169640;63386.492591361231;1746;2016;8;Aug;2016/08/01;5;6;Fri;Weekday;42.07;36.30;10066.65;13.70;5.77;13.70;37.07;39.41
2016/08/06 02:00;71508.897954089523;61500.574648541122;1700;2016;8;Aug;2016/08/01;6;7;Sat;Weekday;42.06;36.18;10008.32;14.00;5.89;14.00;37.07;39.17
2016/08/07 02:00;30066.126182850126;25872.488354075816;715;2016;8;Aug;2016/08/01;7;1;Sun;Weekday;42.05;36.19;4193.64;13.95;5.87;13.95;37.07;38.93
2016/08/08 02:00;37726.615903170241;32490.136024940544;897;2016;8;Aug;2016/08/01;8;2;Mon;Weekday;42.06;36.22;5236.48;13.88;5.84;13.88;37.07;38.93
2016/08/09 02:00;30831.694626900247;26577.079448522585;733;2016;8;Aug;2016/08/01;9;3;Tue;Weekday;42.06;36.26;4254.62;13.80;5.80;13.80;37.07;38.67
2016/08/10 02:00;146811.455115160150;155135.629111835730;4282;2016;8;Aug;2016/08/01;10;4;Wed;Weekday;34.29;36.23;-8324.17;-5.67;-1.94;-5.67;37.07;38.41
2016/08/11 02:00;99867.329619087352;103826.701412471080;2867;2016;8;Aug;2016/08/01;11;5;Thu;Weekday;34.83;36.21;-3959.37;-3.96;-1.38;-3.96;37.07;38.15
2016/08/12 02:00;210664.862781477450;220379.276676556390;6082;2016;8;Aug;2016/08/01;12;6;Fri;Weekday;34.64;36.23;-9714.41;-4.61;-1.60;-4.61;37.07;37.90
2016/08/13 02:00;266271.039073093390;281658.418319122630;7771;2016;8;Aug;2016/08/01;13;7;Sat;Weekday;34.26;36.24;-15387.38;-5.78;-1.98;-5.78;37.07;37.64
2016/08/14 02:00;123084.039069415140;129601.527226618850;3576;2016;8;Aug;2016/08/01;14;1;Sun;Weekday;34.42;36.24;-6517.49;-5.30;-1.82;-5.30;37.07;37.39
2016/08/15 02:00;162727.524777145150;168580.170571439380;4649;2016;8;Aug;2016/08/01;15;2;Mon;Weekday;35.00;36.26;-5852.65;-3.60;-1.26;-3.60;37.07;37.13
2016/08/16 02:00;114708.945994046620;119758.061703467990;3302;2016;8;Aug;2016/08/01;16;3;Tue;Weekday;34.74;36.27;-5049.12;-4.40;-1.53;-4.40;37.07;36.88
2016/08/17 02:00;122318.907468986380;128298.343456949120;3536;2016;8;Aug;2016/08/01;17;4;Wed;Weekday;34.59;36.28;-5979.44;-4.89;-1.69;-4.89;37.07;36.62
2016/08/18 02:00;112010.344531496860;117374.191579360380;3236;2016;8;Aug;2016/08/01;18;5;Thu;Weekday;34.61;36.27;-5363.85;-4.79;-1.66;-4.79;37.07;36.37
2016/08/19 02:00;229861.470280579870;241090.133556305020;6646;2016;8;Aug;2016/08/01;19;6;Fri;Weekday;34.59;36.28;-11228.66;-4.88;-1.69;-4.89;37.07;36.11
2016/08/20 02:00;249981.249694194730;262145.177337419770;7220;2016;8;Aug;2016/08/01;20;7;Sat;Weekday;34.62;36.31;-12163.93;-4.87;-1.68;-4.87;37.07;35.86
2016/08/21 02:00;136480.249116700170;143734.227215170890;3958;2016;8;Aug;2016/08/01;21;1;Sun;Weekday;34.48;36.31;-7253.98;-5.32;-1.83;-5.32;37.07;35.60
2016/08/22 02:00;127369.802614331380;133350.161382228810;3672;2016;8;Aug;2016/08/01;22;2;Mon;Weekday;34.69;36.32;-5980.36;-4.70;-1.63;-4.70;37.07;35.35
2016/08/23 02:00;43537.728158220249;37649.387527999519;1035;2016;8;Aug;2016/08/01;23;3;Tue;Weekday;42.07;36.38;5888.34;13.52;5.69;13.52;37.07;35.35
2016/08/24 02:00;120407.413267863320;127699.415911395790;3549;2016;8;Aug;2016/08/01;24;4;Wed;Weekday;33.93;35.98;-7292.00;-6.06;-2.05;-6.06;37.07;35.35
2016/08/25 02:00;226375.543134796080;240429.685547203410;6647;2016;8;Aug;2016/08/01;25;5;Thu;Weekday;34.06;36.17;-14054.14;-6.21;-2.11;-6.21;37.07;35.30
2016/08/26 02:00;337900.178233595620;358772.250364109520;9908;2016;8;Aug;2016/08/01;26;6;Fri;Weekday;34.10;36.21;-20872.07;-6.18;-2.11;-6.18;37.07;35.49
2016/08/27 02:00;355069.540106816860;376755.564483525990;10393;2016;8;Aug;2016/08/01;27;7;Sat;Weekday;34.16;36.25;-21686.02;-6.11;-2.09;-6.11;37.07;35.67
2016/08/28 02:00;153893.685228050160;163401.329154058910;4507;2016;8;Aug;2016/08/01;28;1;Sun;Weekday;34.15;36.26;-9507.64;-6.18;-2.11;-6.18;37.07;35.85
2016/08/29 02:00;159625.740922425150;169479.106054065250;4672;2016;8;Aug;2016/08/01;29;2;Mon;Weekday;34.17;36.28;-9853.37;-6.17;-2.11;-6.17;37.07;36.05
2016/08/30 02:00;133961.966992851380;142299.917791848360;3924;2016;8;Aug;2016/08/01;30;3;Tue;Weekday;34.14;36.26;-8337.95;-6.22;-2.12;-6.22;37.07;36.24
2016/08/31 02:00;236305.156366476240;250572.453387794870;6918;2016;8;Aug;2016/08/01;31;4;Wed;Weekday;34.16;36.22;-14267.30;-6.04;-2.06;-6.04;37.07;36.41
2016/09/01 02:00;313491.735118814450;333030.875704027250;9183;2016;9;Sep;2016/09/01;1;5;Thu;Weekday;34.14;36.27;-19539.14;-6.23;-2.13;-6.23;37.07;36.59
2016/09/02 02:00;370355.001734240620;392493.082691822550;10830;2016;9;Sep;2016/09/01;2;6;Fri;Weekday;34.20;36.24;-22138.08;-5.98;-2.04;-5.98;37.07;36.78
2016/09/03 02:00;369091.055392498090;391842.501397803190;10800;2016;9;Sep;2016/09/01;3;7;Sat;Weekday;34.18;36.28;-22751.45;-6.16;-2.11;-6.16;37.07;36.96
2016/09/04 02:00;209026.019671958640;222163.728909273660;6119;2016;9;Sep;2016/09/01;4;1;Sun;Weekday;34.16;36.31;-13137.71;-6.29;-2.15;-6.29;37.07;37.15
2016/09/05 02:00;228177.316780029880;242589.587218543980;6685;2016;9;Sep;2016/09/01;5;2;Mon;Weekday;34.13;36.29;-14412.27;-6.32;-2.16;-6.32;37.07;37.33
2016/09/06 02:00;154494.782049170170;164108.826444586040;4519;2016;9;Sep;2016/09/01;6;3;Tue;Weekday;34.19;36.32;-9614.04;-6.22;-2.13;-6.22;37.07;37.52
2016/09/07 02:00;50736.474172200127;43830.196852872301;1206;2016;9;Sep;2016/09/01;7;4;Wed;Weekday;42.07;36.34;6906.28;13.61;5.73;13.61;37.07;37.70
2016/09/08 02:00;43292.149236510246;37391.680889456111;1029;2016;9;Sep;2016/09/01;8;5;Thu;Weekday;42.07;36.34;5900.47;13.63;5.73;13.63;37.07;37.65
2016/09/09 02:00;77335.918597634154;69612.126701887464;1917;2016;9;Sep;2016/09/01;9;6;Fri;Weekday;40.34;36.31;7723.79;9.99;4.03;9.99;37.07;37.85
2016/09/10 02:00;85070.234889733911;76591.852917484997;2108;2016;9;Sep;2016/09/01;10;7;Sat;Weekday;40.36;36.33;8478.38;9.97;4.02;9.97;37.07;38.05
2016/09/11 02:00;48831.666105370241;44014.232018730225;1211;2016;9;Sep;2016/09/01;11;1;Sun;Weekday;40.32;36.35;4817.43;9.87;3.98;9.87;37.07;38.25
2016/09/12 02:00;52075.157176600122;46884.142508087811;1291;2016;9;Sep;2016/09/01;12;2;Mon;Weekday;40.34;36.32;5191.01;9.97;4.02;9.97;37.07;38.45
2016/09/13 02:00;30424.726256690126;27398.588126893694;755;2016;9;Sep;2016/09/01;13;3;Tue;Weekday;40.30;36.29;3026.14;9.95;4.01;9.95;37.07;38.55
2016/09/14 02:00;20495.113025005001;18375.052607697839;508;2016;9;Sep;2016/09/01;14;4;Wed;Weekday;40.34;36.17;2120.06;10.34;4.17;10.34;37.07;38.65
2016/09/15 02:00;40742.171681120242;36464.759814940684;1010;2016;9;Sep;2016/09/01;15;5;Thu;Weekday;40.34;36.10;4277.41;10.50;4.24;10.50;37.07;38.74
2016/09/16 02:00;69864.836990219526;62545.190684533110;1733;2016;9;Sep;2016/09/01;16;6;Fri;Weekday;40.31;36.09;7319.65;10.48;4.22;10.48;37.07;38.83
2016/09/17 02:00;100120.711053232940;89572.407615025208;2482;2016;9;Sep;2016/09/01;17;7;Sat;Weekday;40.34;36.09;10548.30;10.54;4.25;10.54;37.07;38.94
2016/09/18 02:00;49825.097035430132;44593.796883395269;1235;2016;9;Sep;2016/09/01;18;1;Sun;Weekday;40.34;36.11;5231.30;10.50;4.24;10.50;37.07;39.13
2016/09/19 02:00;46566.462052040246;41660.440426083711;1155;2016;9;Sep;2016/09/01;19;2;Mon;Weekday;40.32;36.07;4906.02;10.54;4.25;10.54;37.07;39.33
2016/09/20 02:00;37923.765855785372;34031.149487115130;940;2016;9;Sep;2016/09/01;20;3;Tue;Weekday;40.34;36.20;3892.62;10.26;4.14;10.26;37.07;39.53
2016/09/21 02:00;50084.812702065254;44832.212598977239;1241;2016;9;Sep;2016/09/01;21;4;Wed;Weekday;40.36;36.13;5252.60;10.49;4.23;10.49;37.07;39.73
2016/09/22 02:00;41885.828278280373;37565.478590927647;1039;2016;9;Sep;2016/09/01;22;5;Thu;Weekday;40.31;36.16;4320.35;10.31;4.16;10.31;37.07;39.93
2016/09/23 02:00;147503.573158325160;131964.515793698550;3657;2016;9;Sep;2016/09/01;23;6;Fri;Weekday;40.33;36.09;15539.06;10.53;4.25;10.53;37.07;39.87
2016/09/24 02:00;151639.183843411360;135498.163197194280;3758;2016;9;Sep;2016/09/01;24;7;Sat;Weekday;40.35;36.06;16141.02;10.64;4.30;10.64;37.07;39.82
